jt11,屏東客家小李子去骨鵝肉,"路過Google 4.8的高分，好奇踩點

進來有隻巨貓，挺可愛🥰

老闆娘親切，食物安全

點了2號餐加鵝油肉燥板條，全部350",5 顆星
jt11,屏東客家小李子去骨鵝肉,鵝肉真的超好吃，油脂或香氣濃郁撲鼻，沒有一點骨頭，厚度切的剛好，台北很多家賣鵝肉的店都切的很薄口感很差，這家口感真的超好，鵝肉來這裡必點，這裡默默無名的，但是鵝肉的水準絕對是雙北市數一數二的。價錢非常非常平價。,5 顆星
jt11,屏東客家小李子去骨鵝肉,真的好吃！！平時很少把東西吃完😂每次都剩一堆，但今天吃很乾淨；豆腐香麻超入味，桂竹筍也入口即化，鵝肉麵的鵝油香濃但清爽，肉職軟嫩不卡牙，會再來😌😌😌 …,5 顆星
jt11,屏東客家小李子去骨鵝肉,"鵝肉粄條的湯清淡，鵝肉肉質稍糊點。
下水湯也是清淡。唯獨鵝雜口味較符合個人口味。",3 顆星
jt11,屏東客家小李子去骨鵝肉,去骨鵝肉便當$130，任選3道菜，口味尚可，鵝肉是先煮好放涼點餐後再加熱的，如果是現煮應該會更好吃,4 顆星
jt11,屏東客家小李子去骨鵝肉,鵝肉很嫩，去骨也方便吃,5 顆星
jt11,屏東客家小李子去骨鵝肉,鵝肉湯好喝，湯很鮮甜。麻油豬肝也新鮮，忍不住整盤吃光了。老闆和老闆娘都很客氣，值得推薦的好餐廳。,5 顆星
jt11,屏東客家小李子去骨鵝肉,老闆娘很親切，鵝肉真的超好吃，分給同事吃每個人都說超好吃。老闆娘精選的鵝肉品質佳，吃起來滑嫩順口、油脂分布均勻,5 顆星
jt11,屏東客家小李子去骨鵝肉,不止鵝肉，雞鴨肉也新鮮Q彈，配菜選擇多，老闆娘人也很親切！值得5星！,5 顆星
jt11,屏東客家小李子去骨鵝肉,"一樣都是屏東人非常熱情，份量很足，菜色都很到位，推豬腳好吃😋
列為口袋名單",5 顆星
jt11,屏東客家小李子去骨鵝肉,"店裡有冷氣，東西也很好吃😋 貓咪很可愛～
已光顧第二次❤️ 老闆娘也很親切～",5 顆星
jt11,屏東客家小李子去骨鵝肉,"去骨鵝肉新鮮又好吃
老闆也很親切，常常來買！👍",5 顆星
jt11,屏東客家小李子去骨鵝肉,"假日午後找午餐, 沒想到去骨鵝肉讓我驚艷, 肉質軟嫰好好吃喔, 下次還想來🤤",5 顆星
jt11,屏東客家小李子去骨鵝肉,"去骨的鵝肉吃起來超順口～
不用挑骨頭超爽
搭配鵝油拌飯更棒～
還有多元小菜能選擇^o^",5 顆星
jt11,屏東客家小李子去骨鵝肉,品項多元 口味道地！讚！,5 顆星
jt11,屏東客家小李子去骨鵝肉,鹹香 還算不錯,4 顆星
jt11,屏東客家小李子去骨鵝肉,有好吃的虱目魚及梅干扣肉是很下飯的料理。,5 顆星
jt11,屏東客家小李子去骨鵝肉,"鵝肉平價好吃！讚！
會再回訪！",5 顆星
jt11,屏東客家小李子去骨鵝肉,鵝肉麵好吃 口味剛好適中不會膩,5 顆星
jt11,屏東客家小李子去骨鵝肉,"好吃 很道地 店家人很親切！！
鵝肉好吃～ 強力推薦～",5 顆星
jt11,屏東客家小李子去骨鵝肉,買了切盤鵝肉480 鵝肉品質不怎麼樣 有被坑的感覺,1 顆星
jt11,屏東客家小李子去骨鵝肉,好吃，味道剛剛好，無骨真的很讚,5 顆星
jt11,屏東客家小李子去骨鵝肉,價格合理有好吃！👍,5 顆星
jt11,屏東客家小李子去骨鵝肉,鵝肉鮮美 店喵也很肥美😍👍🏽,5 顆星
jt11,屏東客家小李子去骨鵝肉,餐點多樣可選，不錯吃喔！,5 顆星
jt11,屏東客家小李子去骨鵝肉,好吃！鵝肉香甜美味！讚！,5 顆星
jt11,屏東客家小李子去骨鵝肉,這家都買了十幾年了,5 顆星
jt11,屏東客家小李子去骨鵝肉,"非常好吃😋
值得嘗試👍👍",5 顆星
jt11,屏東客家小李子去骨鵝肉,好吃😋很常來買 …,5 顆星
jt11,屏東客家小李子去骨鵝肉,便宜好吃的鵝肉便當,5 顆星
jt11,屏東客家小李子去骨鵝肉,鴨肉便當很好吃,5 顆星
jt11,屏東客家小李子去骨鵝肉,價格便宜又好吃,5 顆星
jt11,屏東客家小李子去骨鵝肉,鵝肉真的非常嫩很好吃也多汁，鵝肝一般般，個人不愛，鵝腸有個調味也不喜歡。,4 顆星
hq3v,艋舺雞排 (新北蘆洲店),點了一份天王雞排、雞排算厚實派的一口咬下發現蠻啾洗der、他的調味料很獨特、感覺有科學麵調理包的味道！鹹香的調味搭配下讓多汁的雞肉感覺更香甜、好吃！！,5 顆星
hq3v,艋舺雞排 (新北蘆洲店),點的是辣妹雞排， 口感上來說辣度剛好，也不會太乾澀， 值得推薦！,5 顆星
hq3v,艋舺雞排 (新北蘆洲店),"取餐時 我說我點的是苔客
回我 單是這樣KEY的
誰會知道 點三個苔客 還能聽錯

從蘆洲店開店後 吃過苔客 後 只點苔客
誰知道 這樣都能聽錯 是還在想聊天的內容嗎

等你們聊完 看到客人 等你們不緊要的點餐
最後給客人 這樣的成果 真是感謝

不知道怎麼處理 至少去跟點餐的人確認阿
不去確認 也不問 要怎麼處理
在那邊站著 能找到答案 還是覺得 遇到奧客

反正15之後要漲價了 看來是不缺客人
以後就不打擾你們聊天 以免造成您的困擾

三顆星 給雞排 是真的好吃 但也不是必吃",3 顆星
hq3v,艋舺雞排 (新北蘆洲店),炸雞排越來越好吃了，很多汁美味！但炸甜不辣普普，比較像是片狀切成條狀來炸的，黃金薯條也是正常表現沒到很特別（忘記請他加甘梅粉），但雞排真的很好吃，推薦！,5 顆星
hq3v,艋舺雞排 (新北蘆洲店),"天王雞排好吃，沒有過多的醃漬，薄脆的麵衣及淡淡的胡椒鹹香，稱職的點綴出雞胸肉的新鮮原味，4顆星。
點餐小姐斯文親切有禮，5顆星。",5 顆星
hq3v,艋舺雞排 (新北蘆洲店),很好吃 可是又漲價了 變成95了 有點買不下手,5 顆星
hq3v,艋舺雞排 (新北蘆洲店),難得想吃雞排試試這家，意外地好吃，老闆加油,5 顆星
hq3v,艋舺雞排 (新北蘆洲店),"親切的老闆娘
好吃又厚實的雞排
一週總要吃一回",5 顆星
hq3v,艋舺雞排 (新北蘆洲店),今天是換老闆之後第一次購買，不知為何超鹹的，完全走鐘～調味粉出了什麼事⋯⋯？毀了我喜歡的艋舺雞排😫😫😫,2 顆星
hq3v,艋舺雞排 (新北蘆洲店),雞排還行，太甜了一點，炸太焦了，尤其是地瓜，炸的好焦，又黑又扁!,2 顆星
hq3v,艋舺雞排 (新北蘆洲店),"好吃肉大塊！
但要$80元😅",5 顆星
hq3v,艋舺雞排 (新北蘆洲店),雞排好好吃。推推,5 顆星
hq3v,艋舺雞排 (新北蘆洲店),"在這個月好像換人經營了
肉變小塊
其他產品變小份
粉變很厚
還全黏一塊
好懷念之前老闆的味道
跟之前闆娘的親切
現在應該不會再去買了",3 顆星
hq3v,艋舺雞排 (新北蘆洲店),雞塊真的很好吃，每天限量都要先預定，常常太晚去就沒了,5 顆星
hq3v,艋舺雞排 (新北蘆洲店),用uber點餐，在疫情期間將餐點用紙袋包裝完善，讓人感到安心！而且雞排、雞塊送達時還非常酥脆！雞塊有帶皮，超級好吃！甜不辣外酥內軟，即使冷掉了還是很酥脆，不會軟趴趴的，超推！,5 顆星
hq3v,艋舺雞排 (新北蘆洲店),雞排好吃，雖然貴了一點，但是蠻值得一試的,5 顆星
hq3v,艋舺雞排 (新北蘆洲店),"雞塊很多汁，雞排真的超大塊
老闆娘人很熱情，櫃檯姊姊很溫柔
推薦推薦！",5 顆星
hq3v,艋舺雞排 (新北蘆洲店),爆漿雞塊，口感上酥脆，滿滿的肉汁，口味也很好吃，可以嘗試看看，一試成主顧！,5 顆星
hq3v,艋舺雞排 (新北蘆洲店),雞排香酥脆好吃讚。,5 顆星
hq3v,艋舺雞排 (新北蘆洲店),偶爾都會來買辣味雞排，肉多辣勁令人回味,5 顆星
hq3v,艋舺雞排 (新北蘆洲店),"服務好👍🏻雞排外酥內嫩又多汁👍🏻

艋舺雞排我吃過台北士林店以及宜蘭羅東夜市的，兩家吃起來差很多，不過蘆洲這間吃起來跟士林店的一樣很棒～ …",5 顆星
hq3v,艋舺雞排 (新北蘆洲店),"價格較高了一點點！
不過產品對的起價格
皮脆 肉有汁～
喜歡吃雞排的人 一定要試試 (´･ω･`)",5 顆星
hq3v,艋舺雞排 (新北蘆洲店),辣妹雞排好吃😋,5 顆星
hq3v,艋舺雞排 (新北蘆洲店),"剛剛打電話點餐
老闆超級親切🥰
忍不住馬上先五星",5 顆星
hq3v,艋舺雞排 (新北蘆洲店),肉片厚實多汁，皮薄香酥不會有厚厚的麵皮。感覺油的負擔比較少。,4 顆星
hq3v,艋舺雞排 (新北蘆洲店),"雞排滿好吃的，骨頭也少，不過真的比較貴一點。
其他炸物份量不算多。",4 顆星
hq3v,艋舺雞排 (新北蘆洲店),哈😄不要啦！我最喜歡雞排了！但有年紀了真的不能再多吃，這家還不錯吃喔！✌✌ …,3 顆星
hq3v,艋舺雞排 (新北蘆洲店),雞排炸的鮮嫩多汁，好吃。,4 顆星
hq3v,艋舺雞排 (新北蘆洲店),店員都很客氣，就是對辣度的掌控很差，2份小辣一份是正確的微微小辣，一份辣到要灌水。 長久以來都這樣。,3 顆星
hq3v,艋舺雞排 (新北蘆洲店),老闆娘很可愛，老闆炸的很好吃，尤其那雞皮炸的是嘎蹦脆，跟餅干一樣，超大推的店。,5 顆星
hq3v,艋舺雞排 (新北蘆洲店),辣妹雞排很讚，外脆 內嫩，中辣不會很辣，喜歡吃有點辣的可以點大辣,5 顆星
hq3v,艋舺雞排 (新北蘆洲店),"除了雞排好吃外
杏鮑菇也很讚",5 顆星
hq3v,艋舺雞排 (新北蘆洲店),很厚的雞排！肉多汁很香又好吃！,4 顆星
hq3v,艋舺雞排 (新北蘆洲店),"比西門町的分店好吃多了！
很juicy!!
也比台北的天使跟魔鬼厚又好吃
心目中第一名!🥇 …",5 顆星
hq3v,艋舺雞排 (新北蘆洲店),雞排有小點貴。派克雞排比較好吃我個人因人而義,4 顆星
hq3v,艋舺雞排 (新北蘆洲店),老闆娘親切各類炸物都好吃,5 顆星
hq3v,艋舺雞排 (新北蘆洲店),雞排肉多好吃，覺得不輸逢甲夜市的雞排！有點小貴就是了,5 顆星
hq3v,艋舺雞排 (新北蘆洲店),個人喜歡他的雞塊。雖然價格偏高，但是真的好好吃,4 顆星
hq3v,艋舺雞排 (新北蘆洲店),哎呀 … 好吃的雞塊是我跟倆小的最愛 … 多汁，好吃啊！,5 顆星
hq3v,艋舺雞排 (新北蘆洲店),好吃，等東西時不妨也逛逛其他店面，很好打發時間的地方。,5 顆星
hq3v,艋舺雞排 (新北蘆洲店),新創的 雞排口味不一樣 但價格比較不平民,3 顆星
hq3v,艋舺雞排 (新北蘆洲店),不知道是否太久沒吃，但真的好吃！,5 顆星
hq3v,艋舺雞排 (新北蘆洲店),最愛雞皮&爆汁嫩雞,5 顆星
hq3v,艋舺雞排 (新北蘆洲店),好吃😋，酥脆，加梅粉或是辣粉更加分 …,5 顆星
hq3v,艋舺雞排 (新北蘆洲店),雞排大 但70元 沒有驚奇的彩蛋 整體soso,3 顆星
hq3v,艋舺雞排 (新北蘆洲店),炸雞塊太貴要70元，但好吃,3 顆星
hq3v,艋舺雞排 (新北蘆洲店),不懂雞排為喝這麼柴，不好吃,2 顆星
hq3v,艋舺雞排 (新北蘆洲店),爆汁嫩雞完全沒汁很柴，傻眼。,2 顆星
hq3v,艋舺雞排 (新北蘆洲店),雞排厚又多汁，值得推薦。,5 顆星
hq3v,艋舺雞排 (新北蘆洲店),又大又厚實還很多汁，梅粉讚讚,4 顆星
hq3v,艋舺雞排 (新北蘆洲店),"雞排肉很厚,多汁好吃",4 顆星
hq3v,艋舺雞排 (新北蘆洲店),雞排多汁好吃,5 顆星
hq3v,艋舺雞排 (新北蘆洲店),香嫩多汁，👍！唯一美中不足的是……不夠辣~ …,4 顆星
hq3v,艋舺雞排 (新北蘆洲店),品項太少，東西也不如預期美味,2 顆星
hq3v,艋舺雞排 (新北蘆洲店),旁邊的雞蛋糕也很好吃,5 顆星
hq3v,艋舺雞排 (新北蘆洲店),好吃，現炸要稍等,5 顆星
hq3v,艋舺雞排 (新北蘆洲店),料實在，師父手工不到位，好吃。,5 顆星
hq3v,艋舺雞排 (新北蘆洲店),85元頂級的享受,5 顆星
hq3v,艋舺雞排 (新北蘆洲店),辣妹雞排不錯 雖小貴,4 顆星
hq3v,艋舺雞排 (新北蘆洲店),沒開騙有開，白跑一趟,1 顆星
hq3v,艋舺雞排 (新北蘆洲店),"雞排中規中矩
裹粉皮脆
肉厚",3 顆星
hq3v,艋舺雞排 (新北蘆洲店),個人覺得太乾，皮太硬,2 顆星
hq3v,艋舺雞排 (新北蘆洲店),還不錯吃！😉 …,5 顆星
hq3v,艋舺雞排 (新北蘆洲店),不知也，沒吃過。,2 顆星
hq3v,艋舺雞排 (新北蘆洲店),雞排厚實好吃😋 …,5 顆星
hq3v,艋舺雞排 (新北蘆洲店),雞排酥脆汁又多,4 顆星
hq3v,艋舺雞排 (新北蘆洲店),老闆夫妻待人蠻親切的,4 顆星
hq3v,艋舺雞排 (新北蘆洲店),很飽足的雞排,5 顆星
hq3v,艋舺雞排 (新北蘆洲店),環境清潔，服務態度良好,5 顆星
hq3v,艋舺雞排 (新北蘆洲店),沒有想像的好吃,2 顆星
hq3v,艋舺雞排 (新北蘆洲店),超厚 多汁👍🏻👍🏻👍🏻 …,5 顆星
hq3v,艋舺雞排 (新北蘆洲店),好吃的雞排。,5 顆星
mjqa,豆花媽愛上胖狸貓,"糖有炒過所以很香豆花很綿密料好實在
完全不會輸蘆洲的豆花名店
相當推薦（照片是豆花冰多）",5 顆星
mjqa,豆花媽愛上胖狸貓,"111/6/11 Uber Eats外送

非店內價

花生超級少？是賣到剩下不夠湊成一碗硬是要分裝成兩碗嗎？ 豆花倒是給的多
特地花生豆花「又在加一份花生」結果還不到半湯匙⋯？！

杏仁凍杏仁不夠紮實

「滿滿都是圓仔的豆花」
隨機選三種以上的圓仔不可指定（完全就是專業出冷門配料）
地瓜圓味道超淡 西米露是整坨黏在一起的

豆花綿密好吃花生軟嫩是優點，但少到一個誇張到不行，撈完不到半湯匙重點還是又加一份的 有加等於沒加？？？甚是驚訝啊！少到忍不住想重複講了兩遍

古早味糖水不會過於甜膩是好喝的是優點
除了豆花甜湯本身以外 所有的配料都少到一個誇張

豆花好吃但配料如此加料更是少的如此完全銘謝惠顧",2 顆星
mjqa,豆花媽愛上胖狸貓,糖水不會過甜，豆花口感綿密，略有豆香。,4 顆星
mjqa,豆花媽愛上胖狸貓,"這是我這輩子看過最乾濕分離最幽默的花生豆花了！如果你們有乾式跟濕式，能否在Ubereats 上加個選項？？？花生豆花連個花生湯都不給，還是花生湯要加價購？
然後內容物不到碗的一半⋯我是在買薯片嗎？",2 顆星
mjqa,豆花媽愛上胖狸貓,巧克力冰完全沒料，巧克力醬少的可憐，煉乳有跟沒有一樣，軟花生只吃到一口，一碗要75元太坑人了，寧夏夜市也不敢這樣賣,1 顆星
mjqa,豆花媽愛上胖狸貓,雖然好吃，但是湯匙舀出一根黑髮跟牛奶冰疑似附贈一根白線，請改善。,2 顆星
mjqa,豆花媽愛上胖狸貓,在foodpanda點外送覺得這芋圓真的是好好吃，上來google查店家才知道！原來是222巷那間豆花老店！芋圓控真的超愛這間的芋圓，因為疫情開始之後比較少出門買點心，沒發現原來已經搬家了呢～記得之前在舊址好像沒有跟外送合作，現在很方便，懶得出門動動手指就能吃到了🤤 …,5 顆星
mjqa,豆花媽愛上胖狸貓,你好我是波波全餐的客人，我真的好愛吃你們家的冰，所以剛剛又點了一個波波全餐來吃了❤️❤️❤️❤️❤️❤️🔥🔥🔥🔥🔥抱歉在你們uber快結束前點餐因為剛下班！你們也辛苦了🤤🤤🤤🤤 …,5 顆星
mjqa,豆花媽愛上胖狸貓,外送6樣，但少了我家老爺要的挫冰，致電店家反應，店家也積極處理，親自送到住家，還附贈一包6入的可愛紅包袋。必須給好評。,5 顆星
mjqa,豆花媽愛上胖狸貓,豆花很好吃老闆娘態度很好 粉圓冰超好吃的😍店裡狗狗也很可愛 …,5 顆星
mjqa,豆花媽愛上胖狸貓,"熊貓外送的豆花本來用挫冰的大碗，現在變小碗了,是另類漲價的意思嗎？",4 顆星
mjqa,豆花媽愛上胖狸貓,"前陣子看到紅布條發現搬家了！就來google地圖上面找找看，原來真的有地標，而且已經改到現在的新位置（信義路293號）。

從小吃到大也吃了十多年很習慣😋（第一次發現有店名哈哈哈哈），各種豆花、剉冰、紅豆湯、燒仙草都不錯，能夠選擇的配料也滿多種的，是附近居民想吃甜品冰品時很好的選擇！

還滿推薦的，個人喜歡吃粉圓豆花或是花豆豆花，啊如果是冬天的話就是燒仙草了，而且因為有開到消夜時段，所以夏天晚上想吃古早味剉冰豆花、或冬天晚上飯後或是消夜時間來一碗熱呼呼的甜品，真的是感覺滿不錯的 XDD",5 顆星
mjqa,豆花媽愛上胖狸貓,第一次買燒仙草加芋圓遇到老闆還慢慢數幾顆才甘願販售的,1 顆星
mjqa,豆花媽愛上胖狸貓,"我是老顧客，太失望，現在很髒，冰箱的ok,放在外面的料沒蓋蓋子，上面停一堆蒼蠅，很沒衛生，以前在舊地方還比較乾淨，現在態度差，又很髒，本來天天買的，現在改吃別間，消費者是有選擇權的。",1 顆星
mjqa,豆花媽愛上胖狸貓,昨天晚上訂了4碗紅豆湯圓 以為沒有人接單 想說等太久了 結果到12.外送員終於才送過來 真的太感謝了很棒的服務態度❤️❤️,5 顆星
mjqa,豆花媽愛上胖狸貓,"買剉冰吃結果吃到鐵絲
這太誇張了
有沒有在管理衛生的
要不是我吐出來
現在我就在急診室了
衛生真的要管",1 顆星
mjqa,豆花媽愛上胖狸貓,最近買的幾次料都蠻少的，價格跟以前舊址比也有漲，應該不會再回購了,3 顆星
mjqa,豆花媽愛上胖狸貓,豆花超好吃，糖水真的很香很古早味，每天都想來一碗😍 …,5 顆星
mjqa,豆花媽愛上胖狸貓,剉冰配料新鮮好吃，芋頭綿密加上綠豆花豆蕃薯圓，清涼又唰嘴值得一吃再吃,5 顆星
mjqa,豆花媽愛上胖狸貓,"老闆娘人很客氣
東西好吃
店裡狗狗很怕生
但很可愛
滿推的一間店",5 顆星
mjqa,豆花媽愛上胖狸貓,配料豆花都好吃 不會太甜 好吃到可以一次吃2碗😁 …,5 顆星
mjqa,豆花媽愛上胖狸貓,豆花好吃 料多多,5 顆星
mjqa,豆花媽愛上胖狸貓,紅豆湯很清淡，沒什麼紅豆味，都是糖水的感覺。,3 顆星
mjqa,豆花媽愛上胖狸貓,我在foodpanda 上點的花生豆花料有夠少真的很過分,1 顆星
mjqa,豆花媽愛上胖狸貓,"芋頭又軟又Q,糖水也甜而不膩,豆花也好好吃",5 顆星
mjqa,豆花媽愛上胖狸貓,豆花很新鮮很天然的味道，花生豆花超級好吃推推推！！！,5 顆星
mjqa,豆花媽愛上胖狸貓,豆花和剉冰都很美味，老闆娘態度很親切👍👍 …,5 顆星
mjqa,豆花媽愛上胖狸貓,豆花超好吃 老闆的芋頭很讚,5 顆星
mjqa,豆花媽愛上胖狸貓,這豆花真值得你專程去試試啊！好吃好吃^^,5 顆星
mjqa,豆花媽愛上胖狸貓,找好久，一樣香甜Q嫩，好吃好吃,5 顆星
mjqa,豆花媽愛上胖狸貓,粉粿很好吃 這種的難找,5 顆星
mjqa,豆花媽愛上胖狸貓,豆花好吃～老闆娘親切～漂亮,5 顆星
mjqa,豆花媽愛上胖狸貓,吃了會想再來一碗～👍 …,5 顆星
mjqa,豆花媽愛上胖狸貓,老闆好好吃粉粿很讚,5 顆星
mjqa,豆花媽愛上胖狸貓,老店好吃，糖水很香,5 顆星
mjqa,豆花媽愛上胖狸貓,料好實在真好吃👍👍👍 …,5 顆星
untk,欲罷不能鹹水雞 (中和廣福店),加檸檬汁超好吃，喜歡酸的不能錯過。尤其檸檬汁配蘋果／大玉米／雞胸肉很爽口,5 顆星
untk,欲罷不能鹹水雞 (中和廣福店),天氣開始變熱就想吃鹹水雞，中和鹹水雞攤真的不多，第一次來買220元套餐，半雞+6樣菜超澎湃，胡椒很夠味，開袋就香氣四溢，真是相見恨晚呀！看來這個夏天會很常光顧了，值得推薦👍 …,5 顆星
untk,欲罷不能鹹水雞 (中和廣福店),"老闆今天心情不好講話極度不耐煩
問個套餐講的不清不楚
自己不標示清楚還一副客人有問題的樣子
中秋連假你不爽開店可以不要賣
鹽水雞也不是只有你這家而已
送你一顆星 給你消消氣 加油喔",1 顆星
untk,欲罷不能鹹水雞 (中和廣福店),"這麼美味的鹽水雞居然沒有評論
外送平台點的
第一次吃是室友分我吃一口
一吃就留下了深刻印象 有意思
隔天好想吃 自己叫了一份
真的太好吃了
是我吃過最好吃的鹽水雞
調味很完美 也可以貼心客製化
我吃重口味 點正常鹹簡直是太好吃
好吃到我主動來留下評論
只有很好吃的食物我才願意留下評論
平常吃飯很慢的人
居然一口氣停不下來的吃完了
真的好好吃",5 顆星
untk,欲罷不能鹹水雞 (中和廣福店),"在同個夜市有賣鹹酥雞跟鹹水雞
後來鹹水雞倒了為什麼？
因為泡過鹽水的 容易導電（倒店）",5 顆星
untk,欲罷不能鹹水雞 (中和廣福店),"以前樂華很有名的那間
確實比別人家好吃
老闆比較酷一點是真的
不就是買個消夜
你當王品
賺你幾百塊還要賣笑
你就跟他比臉臭
怕他",5 顆星
untk,欲罷不能鹹水雞 (中和廣福店),沒買過，原本想要消費，但老闆回話態度很嗆，做生意就不能好好說話嗎？直接把客人嗆跑，厲害～,1 顆星
untk,欲罷不能鹹水雞 (中和廣福店),"要檸檬汁要記得點餐時先跟老闆說～
今天點少鹽不辣+檸檬汁
調味好吃又很解膩！",5 顆星
untk,欲罷不能鹹水雞 (中和廣福店),好吃 微辣很順口 不會太鹹 老闆也沒有不客氣啊 歡迎大家來試試看,5 顆星
untk,欲罷不能鹹水雞 (中和廣福店),"爽脆可口無腥味
一試成主顧
可客製調味
已列入日常清單",5 顆星
untk,欲罷不能鹹水雞 (中和廣福店),"「微鹹」當減脂餐～真讚😄
加生辣椒～過癮 …",5 顆星
untk,欲罷不能鹹水雞 (中和廣福店),有點苦苦的 不知道為什麼吃完胃食道逆流胃酸過多,1 顆星
untk,欲罷不能鹹水雞 (中和廣福店),買兩次兩次都能漏東西，應該不會再去了,3 顆星
untk,欲罷不能鹹水雞 (中和廣福店),蘋果讚👍🏻 …,5 顆星
untk,欲罷不能鹹水雞 (中和廣福店),老闆回話的方式實在不行，態度不佳,1 顆星
untk,欲罷不能鹹水雞 (中和廣福店),外送不能備註⋯想吃辣沒得吃,3 顆星
untk,欲罷不能鹹水雞 (中和廣福店),真的超級好吃,5 顆星
untk,欲罷不能鹹水雞 (中和廣福店),好吃的宵夜😀😀 …,5 顆星
untk,欲罷不能鹹水雞 (中和廣福店),非常好吃😋 …,5 顆星
k098,九如營養三明治 (新北蘆洲店),"下午止飢的好夥伴！
攤車環境整潔，外帶也不會等太久。還是最愛招牌原味！麵包體即便使用油炸，但並不會感到過分油膩，脆脆的口感很加分！冷掉也算好吃😋
而且三份可以再折15元，愛吃的話千萬不要錯過了～～ …",5 顆星
k098,九如營養三明治 (新北蘆洲店),"個人不太喜歡吃營養三明治，吃過幾次覺得還好。但老婆蠻喜歡吃的，而且也吃過不少間，對這間評價很不錯。
價格我覺得算公道，整體來說推薦吃一次試試看。",4 顆星
k098,九如營養三明治 (新北蘆洲店),口味很接近基隆了，沙拉醬比較少，所以吃起來有點乾。,3 顆星
k098,九如營養三明治 (新北蘆洲店),"原味一份45，三份120
看招牌有寫三份-15
味道還不錯，麵包炸過也不會油沒什麼油味。",5 顆星
k098,九如營養三明治 (新北蘆洲店),"用熊貓叫一次！哇直接愛上！
超好吃又很清爽❤️一定會一直回刷😎 …",5 顆星
k098,九如營養三明治 (新北蘆洲店),"好吃
蠻適合當宵夜的",5 顆星
k098,九如營養三明治 (新北蘆洲店),真的超好吃 冷掉也沒有油耗味 麵包超好吃不油膩 沙拉醬口味居然很清爽很順口,5 顆星
k098,九如營養三明治 (新北蘆洲店),還不錯吃，而且炸鍋小所以油很常換，不髒。,4 顆星
k098,九如營養三明治 (新北蘆洲店),朋友們買回去就知道有多好吃了👍👍 …,5 顆星
k098,九如營養三明治 (新北蘆洲店),美味 新鮮 物超所值 😋好吃 …,5 顆星
k098,九如營養三明治 (新北蘆洲店),乾淨好吃😋 …,5 顆星
k098,九如營養三明治 (新北蘆洲店),酥脆好吃😋 …,5 顆星
x5wk,好帝一沙茶牛羊肉食堂,"外帶炒牛肉與炒沙茶豆芽，
牛肉搭配沙茶加上燙好的空心菜，
很下飯，豆芽表現就沒那麼到位，
整體而言，是中規中矩的小吃店",4 顆星
x5wk,好帝一沙茶牛羊肉食堂,"肉絲炒飯好好吃喔！超大盤！$70
空心菜不會油膩算清淡！$50
炒羊肉很好吃！$120
有紫菜蛋花湯免費喝～～好喝👍🏻
鐵板豆腐也很入味好好吃😋
空間算寬敞有電視！老闆很親切
下次再來買",5 顆星
x5wk,好帝一沙茶牛羊肉食堂,"一開始進店一個客人都沒，其實有點挫，，但想想沙茶炒羊肉能難吃到哪去呢？幸好後面進來了四組人馬，看來應該真是不錯。
餐廳明亮，座位乾淨，走道寬敞舒適，免費取用的清湯是紫菜蛋花湯不是殘渣湯，很有誠意。沙茶炒牛羊肉都好吃，很推薦喔。就是荷包蛋吃來是冰的感覺有點怪而已。

2023/02/24 n訪
每次來蘆洲不知吃啥，就是來這兒吃，小孩對於免費取用的紫菜蛋花湯真是非常捧場，每次都至少喝兩碗，今天點了一個加麵的肉絲炒麵、一個炒牛肉、一個炒羊肉、一碗羊肉湯、三顆蛋以及一碗白飯，兩大兩小吃光光，不是份量太少，是真的好吃。",5 顆星
x5wk,好帝一沙茶牛羊肉食堂,"沙茶炒羊肉麵還算及格，沙茶羊肉味道還不錯，但麵條有點爛，麵條是屬於油麵的那一種，不知道是不是外帶的關係，下次可能嘗試吃看看內用；題外話，希望麵條有不同的選擇。
至於當歸羊肉湯，羊肉是肉片和肉碎，湯頭勉勉強強，覺得還是以前大龍夜市的當歸羊肉湯是肉塊的那種比較讚。",3 顆星
x5wk,好帝一沙茶牛羊肉食堂,內用份量感覺不少，店內有附湯可以取用，麵條感覺比較軟一點，但沙茶炒起來口味還不錯，可以吃飽。,5 顆星
x5wk,好帝一沙茶牛羊肉食堂,當歸羊肉湯太鹹，炒空心菜沒放鹽巴，蠻傻眼的，我不會再去第二次,1 顆星
x5wk,好帝一沙茶牛羊肉食堂,"味道不錯～但是肉感覺有泡過～口感不好
可能現在物價上漲、當歸羊肉湯也都是肉屑～",3 顆星
x5wk,好帝一沙茶牛羊肉食堂,12/7中午用餐點了一份沙茶炒羊肉、當歸羊肉湯，因本人很愛吃炒羊肉，因此對於口味也很挑剔，但這家沙茶炒羊肉真的很值得推薦給大家，沙茶炒羊肉的沙茶味道很夠味（因本人愛吃辣中辣很好吃）搭配鋪在底層清脆空心菜，在喝一口當歸羊肉湯，身體整個暖和起來，很值得推薦的地方。,5 顆星
x5wk,好帝一沙茶牛羊肉食堂,"羊肉燴飯，外帶悶了一些時間～但是，白飯粒粒分明不軟爛、空心菜川燙墊底，最後再淋上沙茶拌炒的羊肉片
適合想吃燴飯又怕胖的人，口味健康。",2 顆星
x5wk,好帝一沙茶牛羊肉食堂,"115的羊肉蓋飯份量充足 蛋煎的剛剛好沒有過熟
沙茶夠味醬也不會太多 非常好吃",5 顆星
x5wk,好帝一沙茶牛羊肉食堂,沙茶醬香夠味下飯，燴飯炒麵都很優，平均4.2顆星。,4 顆星
x5wk,好帝一沙茶牛羊肉食堂,口味不錯，沙茶順口，白飯粒粒分明，搭配配料區的辣椒醬油更佳，價位中等,4 顆星
x5wk,好帝一沙茶牛羊肉食堂,"🔸羊肉蓋飯，青菜和羊肉都滿多，加上荷包蛋就是營養的一餐。不過如果可以再稍微有點鹹度會更好。
🔸當歸羊肉湯，湯有點鹹...... …",3 顆星
x5wk,好帝一沙茶牛羊肉食堂,"外面布條掛炒飯炒麵70起，
去了兩次一次說炒飯的飯沒了，但蓋飯的飯卻還有？
第二次再去跟我說炒飯師父沒來，怎麼一家賣炒飯的店有那麼多沒有炒飯的理由？
如果只想賣沙茶類的就直說，順便把外面布條拿下來吧",1 顆星
x5wk,好帝一沙茶牛羊肉食堂,裡面乾淨，廁所也乾淨，沙茶羊肉炒麵好吃,4 顆星
x5wk,好帝一沙茶牛羊肉食堂,"吃完有點失望
沙茶味道不夠重
不管是銀芽還是羊肉",1 顆星
x5wk,好帝一沙茶牛羊肉食堂,推羊肉蓋飯吃現場 好吃～,5 顆星
x5wk,好帝一沙茶牛羊肉食堂,價格親民沙茶羊肉不錯,3 顆星
x5wk,好帝一沙茶牛羊肉食堂,"炒羊肉不錯 青菜脆的 沙茶味道也剛好 整盤不算油 很下飯 算是附近炒羊肉前幾名👍
附的湯碗很大器 不怕你喝
羊肉湯附的沾醬有兩種辣椒 但沒有豆瓣醬
如果有就更好了啦 …",5 顆星
x5wk,好帝一沙茶牛羊肉食堂,"剛好天氣比較不那麼燥熱，來吃份沙茶牛羊肉覺得還滿開脾胃的，推薦的點是他們的沙茶牛羊肉有點中藥味，帶著沙茶的沙沙感；調味有點甜味，但加上點醬油卻又超級好下飯。
看到別人的評論都説有些油，但是我覺得因為沙茶的醬汁，剛好滿足我飢腸轆轆的肚子，兩碗白飯超級滿足。
建議如果怕油的，可以肉和菜少沾點盤底的醬汁，但醬汁超配飯的。",5 顆星
x5wk,好帝一沙茶牛羊肉食堂,點了一份牛肉炒麵與蓋飯，炒麵不錯吃，不會太過油膩與重口味，雖說肉與空心菜的份量都略少，但還是可接受的範圍。蓋飯的飯肉配置有點讓人傻眼，過多的白飯僅在角落放上清燙過的空心菜上面鋪上炒過的牛肉。菜肉與醬汁的份量與白飯的比例差異有點大，感覺空虛，如果你跟我一樣不愛飯，就別點了。其實主餐是不錯吃的，但是那個白飯與主餐的比例真的不行，除非你愛吃白飯，那就點吧。建議店家乾脆提高售價，多一份青菜與蛋，感覺蓋飯的cp值會更高些。,3 顆星
x5wk,好帝一沙茶牛羊肉食堂,肉粗的，調味也粗糙，其實不怎麼好吃，挺失望的,5 顆星
x5wk,好帝一沙茶牛羊肉食堂,"幹恁鬼咧，炒羊肉
你這個死越南的，空心菜用水燙
羊肉用水煮伴沙茶
喜憨兒都做的比妳好
我可以接受炒的不好吃，至少做了工
幹恁老師 關店了啦",1 顆星
x5wk,好帝一沙茶牛羊肉食堂,"要來的話建議點炒羊肉類，因為大家都點羊肉類的會一起炒，我們身邊內用和外帶的客人已經換一輪了，我的炒羊肉配白飯也吃完了，友人的牛肉炒麵還沒看見影子。
然後提醒第一次說我們牛肉炒麵還沒來，只得到不耐煩回應說很多人都還沒來，接著等啊等竟然聽到裡面廚房說內用沒有了齁，友人聽到衝去說她的牛肉炒麵還沒來，幾分鐘後就處理上桌。
明顯是廚房對於處理單子的能力不夠精準，還會漏單，希望他們改進一下流程。
食物部分ok，白飯煮得好，炒肉炒麵都不錯，三顆星都給食物，一顆星給還算乾淨的環境",4 顆星
x5wk,好帝一沙茶牛羊肉食堂,上個月帶兒子出遊，順便找姐妹淘聚聚，好巧的來到《好帝一沙茶牛羊肉蘆洲店》吃飯，我們是差不多中午的時間去的，一進店環境很乾淨給人很舒服的感覺，東西也很好吃，雖然感覺有點油但可以接受，因為有些菜不夠油就無法襯托出菜的美味，所以可以接受，個人的口味都不同，不喜歡太油的人可以試著嚐嚐看，或許會覺得好吃，雖然出菜速度有點慢，但是卻可以吃到每份都是現炒的東西就值得等下去，量也很多，炒麵，單炒或蓋飯都是很好吃，羊肉湯也好喝，我給五顆星,5 顆星
x5wk,好帝一沙茶牛羊肉食堂,"單炒羊肉味道不錯 但幾乎都只吃到碎肉末有點失望 羊肉湯的肉也都很小塊 份量跟價位有點不符合期待
白飯很好吃",3 顆星
x5wk,好帝一沙茶牛羊肉食堂,蓋飯好吃，但湯汁可以再多一點，因為外帶回家 湯汁被吸乾了，有點拌不開,4 顆星
x5wk,好帝一沙茶牛羊肉食堂,4/6去帶兒子去吃～點了羊肉燴飯及青菜～好好吃但燴的味道雖好～唯一的就是汁太少了～如果汁在稍為多ㄧ點就非常棒的用餐選擇～,4 顆星
x5wk,好帝一沙茶牛羊肉食堂,迅速好吃，店乾淨,5 顆星
x5wk,好帝一沙茶牛羊肉食堂,"外帶沙茶羊肉蓋飯還不錯，一份100偏貴，不過份量算多。
人手不足要等，現金支付。",5 顆星
x5wk,好帝一沙茶牛羊肉食堂,"剛剛有去店家 詢問一下說為什麼那麼油
店家回應是說 是沙茶的油 我自己也知道是沙茶的油
只是不要那麼多嘛 就跟妳說就太油了
還一直說是沙茶的油🙄️
不是說 不要那麼油 就不加沙茶 要適量嘛⋯⋯
真心希望能改進
（之前吃過幾次都不會）",2 顆星
x5wk,好帝一沙茶牛羊肉食堂,羊肉蓋飯，川燙空心菜，但不知道川燙多久擺在那邊，羊肉一夾就碎...,1 顆星
x5wk,好帝一沙茶牛羊肉食堂,"CP值還算高的，唯一美中不足，時常例假日前來，門是關著的，甚至星期六晚間5:30分，打電話詢問，居然是休假（不營業）

不懂的店家做生意的邏輯，也沒招牌讓顧客有所依循",3 顆星
x5wk,好帝一沙茶牛羊肉食堂,好吃 飯跟肉量多 沙茶醬剛好不會太鹹,5 顆星
x5wk,好帝一沙茶牛羊肉食堂,店內乾淨，食材好吃，唯一缺點，一個廚師，一個一個煮，如沒有粉餓，不趕時間可以慢慢等，不然可能會餓壞.,4 顆星
x5wk,好帝一沙茶牛羊肉食堂,"好吃👍我一個禮拜來吃三次,道地的炒牛羊肉,沙茶味夠香😀 …",5 顆星
x5wk,好帝一沙茶牛羊肉食堂,羊肉炒麵有五顆星左右 炒羊肉三顆星 抄銀牙四顆星,4 顆星
x5wk,好帝一沙茶牛羊肉食堂,"這個炒沙茶羊肉 … 加水炒 這香氣沒有出來
家人吃了 …一直喊退貨",2 顆星
x5wk,好帝一沙茶牛羊肉食堂,肉質滑嫩，炒工好，店內還提供自取清湯不馬虎,5 顆星
x5wk,好帝一沙茶牛羊肉食堂,"出外人飽餐一頓的地方。
環境乾淨，食物出餐正常。",4 顆星
x5wk,好帝一沙茶牛羊肉食堂,"味道不錯,好吃",5 顆星
x5wk,好帝一沙茶牛羊肉食堂,蠻好吃的，量也很足夠！,5 顆星
x5wk,好帝一沙茶牛羊肉食堂,"味道不錯,傳統的沙茶味",4 顆星
x5wk,好帝一沙茶牛羊肉食堂,羊肉蓋飯牛肉蓋飯 便宜的,3 顆星
x5wk,好帝一沙茶牛羊肉食堂,吃不飽 口味還好 😢 …,1 顆星
x5wk,好帝一沙茶牛羊肉食堂,味道不錯👍環境乾淨👍 …,5 顆星
x5wk,好帝一沙茶牛羊肉食堂,羊肉蓋飯不錯,5 顆星
at5l,哈啦早餐屋,超喜歡阿姨煎的抓餅蛋和蘿蔔糕，超酥超好吃😋疫情好久沒內用，點這樣95元，漲價了😭😭😭,5 顆星
at5l,哈啦早餐屋,"哈拉早餐屋依然好吃
特別推薦蛋餅系列，尤其是鮪魚蛋餅！
真的是非常美味呢～",5 顆星
at5l,哈啦早餐屋,"今天第一次點這家，物美價廉 實在太驚艷了
最厲害的是鐵板麵，份量充足！非常好吃！感覺店家有花時間來烹調，醬汁有收乾、麵完全入味，不是一般外面那種 只把麵跟醬拌在一起 濕濕答答沒啥味道的
其次是奶茶！早餐店奶茶狂人認證！好好喝！
蛋餅煎的很好，裡面的蛋完全沒有焦掉，但是稍微有點油，建議油可以再少一點
熱狗應該是用水煮的？感覺可以放在煎台上再過一下火會更有香氣
整體來說很棒，以後會繼續點這家，希望品質可以維持下去",5 顆星
at5l,哈啦早餐屋,"總匯起士里肌豬排（肉片吃起來有閹過）
番茄🍅起士蛋餅（吃起來很爽口）醬油太鹹

建議用電話點餐 ，不用等待時間",3 顆星
at5l,哈啦早餐屋,大推！蕃茄起司蛋餅不是番茄醬而是蕃茄丁，而且跟起司味道渾然一體超搭！蘑菇鐵板麵+起司味道也很棒！棒棒薯外酥內軟，我都是外帶到公司，煮好到用餐約隔半小時，依然美味，所以可以放心叫外送！外送推薦店家！,4 顆星
at5l,哈啦早餐屋,"鮮奶茶不會很甜，好喝！
花生吐司有顆粒，讚！
薯餅超級酥脆！脆脆脆！
卡拉雞腿漢堡很酥脆，生菜很多！超讚！
有可愛貓咪🐈可愛！",5 顆星
at5l,哈啦早餐屋,沙茶鐵板麵份量很足，可以吃很飽，味道也很剛好。鮪魚蛋餅好吃，蛋餅皮特別香，會想再光顧,5 顆星
at5l,哈啦早餐屋,"2022.09.12
先說結論：「夏天不用怕，冷氣很涼，餐點還不錯，環境不錯，價格合理，早餐ok啦」",4 顆星
at5l,哈啦早餐屋,玉米濃湯還不錯喝，店員人很好。蔥油餅外酥內軟！,4 顆星
at5l,哈啦早餐屋,奶茶很好喝 吃過的早餐店裡面最好喝的又不貴,5 顆星
at5l,哈啦早餐屋,"漢堡好吃，份量足夠。飲料可能比其他早餐店小貴幾塊，但是好喝。
店裡座位不算太多，偶爾油煙味會比較重。",5 顆星
at5l,哈啦早餐屋,餐點很多可以選擇,4 顆星
at5l,哈啦早餐屋,第一次造訪，蠻喜歡這家的漢堡皮，和外面一般的不一樣。豬肉漢堡的內餡也不錯～下次再試試別的品項。,4 顆星
at5l,哈啦早餐屋,不想接單就不要接！讓我們一家大小等了半小時才撤單，退款是你基本該做的，那時間成本你怎麼沒退還給我！？,1 顆星
at5l,哈啦早餐屋,出餐快，食材美味很新鮮，餐點選擇性多。關冰箱的門很大聲，感覺很差,4 顆星
at5l,哈啦早餐屋,"外送的薯餅加上 漢堡蛋跟奶茶

飲料有點過甜。薯餅好吃 漢堡蛋也還不錯。四分不能更多了",4 顆星
at5l,哈啦早餐屋,"店面不顯眼真的可惜
價格相當平實 水準卻保持得不錯
蛋餅皮煎得很漂亮
杏仁奶酥厚片一絕
鐵板麵香氣很夠
不會因為便宜而隨便的早餐店
值得再回購",5 顆星
at5l,哈啦早餐屋,總匯三明治，一份50元，份量夠滿足大隻佬的胃。順帶老闆娘很親切，算是個熟美女！,5 顆星
at5l,哈啦早餐屋,份量蠻夠的，尤其漢堡蠻大的，番茄起士蛋餅好吃，鐵板麵的小黃瓜夠碎本來不太敢吃的我都吃光光了,5 顆星
at5l,哈啦早餐屋,"從剛營業開始吃到現在 ，
各品項都很美味 ，
尤其鐵板麵.起司蛋餅.厚片土司
更是人生中吃過做的最好的一間
讚！讚！讚！
其他如藍帶漢堡.蔬菜肉鬆三明治也推薦哦 ！",5 顆星
at5l,哈啦早餐屋,在很忙時依然滿面笑容耐心的服務，餐點擺盤乾凈好看，特色沙拉很對味，一吃就成永遠饕客囉！,1 顆星
at5l,哈啦早餐屋,店內油煙重，餐點清淡放心吃,4 顆星
at5l,哈啦早餐屋,"起司蛋餅真的超級好吃👍🏻👍🏻👍🏻👍🏻
鮮奶茶也很讚💕💕 …",5 顆星
at5l,哈啦早餐屋,"推薦蕃茄起司蛋餅，其他地方吃不到的美味
九層塔蔥抓餅是雷不要點",5 顆星
at5l,哈啦早餐屋,每月第二周和第四周的星期日公休，最近馬路施工店家注重衛生用拉門+透明帆布做一個阻隔，值得推!,5 顆星
at5l,哈啦早餐屋,"店員就跟三姑六婆一樣
顧著聊天
完全不知道客人來了
講了2.3次才有人理
傻眼！",1 顆星
at5l,哈啦早餐屋,"這次使用foodpanda訂餐
餐點等了一個半小時
等收到時早餐都已經全部冷掉",2 顆星
at5l,哈啦早餐屋,吃了許多年 餐點衛生乾淨 食材新鮮,5 顆星
at5l,哈啦早餐屋,"所有要求都照防疫標準來 , 讓人買得很安心 !!",5 顆星
at5l,哈啦早餐屋,"人員服務親切, 嘻鬧又輕鬆的環境, 是間能讓人感到自在和愉快的小店",5 顆星
at5l,哈啦早餐屋,大致上都不錯，只是吃蛋餅蘿蔔糕醬油淋的很鹹,3 顆星
at5l,哈啦早餐屋,東西美味又便宜。沒有第二句話了。,5 顆星
at5l,哈啦早餐屋,"生意超好,外面捷運施工的聲音好大聲.",5 顆星
at5l,哈啦早餐屋,漢堡超級大。比其他店大到你滿意!,5 顆星
at5l,哈啦早餐屋,"東西實在
店員人都很好！",5 顆星
at5l,哈啦早餐屋,鮪魚蛋餅還有黑胡椒漢堡都很好吃😋 …,5 顆星
at5l,哈啦早餐屋,買了一陣子，昨天居然讓我買到臭酸的三明治…,1 顆星
at5l,哈啦早餐屋,餐點尚可 出餐順序雜亂 常常要等很久,2 顆星
at5l,哈啦早餐屋,東西都不錯吃。動作迅速，不會讓客人久候。,5 顆星
at5l,哈啦早餐屋,外送前三名的早餐必點！,5 顆星
at5l,哈啦早餐屋,絕對是一間衛生與風味兼具的小店,5 顆星
at5l,哈啦早餐屋,蕃茄起士蛋餅超好吃 必點,5 顆星
at5l,哈啦早餐屋,吃了10幾年了，仍然是我們家的第一首選！,5 顆星
at5l,哈啦早餐屋,起司蛋餅超好吃,5 顆星
at5l,哈啦早餐屋,好吃，服務好，有眾多美女服務員,5 顆星
at5l,哈啦早餐屋,培根起司蛋餅，大推！,5 顆星
at5l,哈啦早餐屋,薯餅蛋塔不錯,4 顆星
at5l,哈啦早餐屋,速度快，味道不錯,5 顆星
at5l,哈啦早餐屋,蔬菜蛋餅好吃！！,4 顆星
at5l,哈啦早餐屋,環境乾淨早餐好吃,4 顆星
at5l,哈啦早餐屋,好吃的早餐店,5 顆星
at5l,哈啦早餐屋,早餐東西好吃又快,5 顆星
at5l,哈啦早餐屋,好吃 價格親民,4 顆星
at5l,哈啦早餐屋,我最愛的早餐店,5 顆星
at5l,哈啦早餐屋,雞蛋煎餅和漢堡都不錯👍🏻 …,5 顆星
xuuj,Yo想吃串燒 (三重福和店),"東西好吃，老闆人很好

重點是讓你在自己家用餐的自由感覺

沒有壓力，很舒服的一家店",5 顆星
xuuj,Yo想吃串燒 (三重福和店),"價格親民又美味
老闆是個好聊天的年輕人
還很貼心的提供一次性手套
今天有幸可以內用
室內舒適到像在自己家一樣😂
非常適合親朋好友來聚會",5 顆星
xuuj,Yo想吃串燒 (三重福和店),"料多實在，味道入味
我只能說大推
美味到饕餮大餐、玉盤珍饈、秀色可餐、饕餮大餐、鳳髓龍肝、回味無窮、脣齒留香、色味俱佳、垂涎欲滴、八珍玉食、其味無窮。",5 顆星
xuuj,Yo想吃串燒 (三重福和店),很讚的一間店，看來又要跟老闆熟了,5 顆星
xuuj,Yo想吃串燒 (三重福和店),"很乾淨，食物居然是用類保溫袋包裝，我外帶回家都還是熱的！！
而且還提供一次性手套，超級喜歡這種貼心的服務👏🏻👏🏻👏🏻
食物也好吃😋跟老闆聊一下，他們也說用的油也經常換，食物完全沒有其他串燒油炸店的油膩噁心口感👍
只能說超棒！",5 顆星
xuuj,Yo想吃串燒 (三重福和店),很棒的店，老板人很好，好吃便宜又是放鬆心情的好地方,5 顆星
xuuj,Yo想吃串燒 (三重福和店),"價格實惠 好吃
老闆人超好 大推！",5 顆星
xuuj,Yo想吃串燒 (三重福和店),熊貓找到的店家，沒想到就在附近，跑去問問居然可以外帶自取，還很貼心的說有付手套,5 顆星
xuuj,Yo想吃串燒 (三重福和店),"老闆人很好 會附手套 方便吃完不油膩
重點品項餐點都好吃😋 宵夜要跑到三和有一段 現在多一個選擇來回也方便👍👍👍",5 顆星
xuuj,Yo想吃串燒 (三重福和店),餐點好吃😋cp值很高！！會續購 …,5 顆星
xuuj,Yo想吃串燒 (三重福和店),非常好吃，老闆也很親切😂,5 顆星
xuuj,Yo想吃串燒 (三重福和店),"Cp值高又好吃😋已經吃過好幾次～～
大推❤️",5 顆星
xuuj,Yo想吃串燒 (三重福和店),"東西好吃，覺得很入味～
而且包裝內非常貼心有附上手套使用",5 顆星
xuuj,Yo想吃串燒 (三重福和店),"很多燒烤店的味道都差不多
吃了他們家的可以感受到老闆的用心
前置作業和調料都很到位
值得推薦👍👍👍",5 顆星
xuuj,Yo想吃串燒 (三重福和店),這間串燒真的不推不行，調味恰到好處，每樣食材都掌握得剛剛好，完全沒有一樣雷，而且價格超～級～佛心，你各位還不吃爆！！,5 顆星
xuuj,Yo想吃串燒 (三重福和店),"東西不錯，細節做的好！
外包裝用防燙的袋子 拿著不會燙到手
還很貼心的附上一次用手套～吃東西不會沾到我的手上！很棒的享受",5 顆星
xuuj,Yo想吃串燒 (三重福和店),"吃了甜不辣、蔥肉卷和節瓜
烤的還不錯，調味不會太重",5 顆星
xuuj,Yo想吃串燒 (三重福和店),來店內用感覺很好,5 顆星
xuuj,Yo想吃串燒 (三重福和店),牛蔥捲串燒好juice多汁、蝦子也好入味，老闆好貼心附上手套，串燒首選，想吃就點，熱呼呼，真好吃😋,5 顆星
xuuj,Yo想吃串燒 (三重福和店),有王老吉真的強，錫箔紙袋保溫也難得一見，外帶還能吃到熱的算是獨樹一幟，串燒我外送沒吃過熱的，只能說冷的0分，熱的100分,5 顆星
xuuj,Yo想吃串燒 (三重福和店),"烤的恰到好處，值得一再品味
烤物食材cp值，還會再來回味",5 顆星
xuuj,Yo想吃串燒 (三重福和店),燒烤價位平實，服務態度很好，有誠意，餐點味道適中好吃，讚,5 顆星
xuuj,Yo想吃串燒 (三重福和店),"隔壁新開幕的燒烤店來嚐鮮看看
包裝很用心是錫箔防油紙袋既可以保溫又不會反潮讓紙袋變得爛爛的大加分！
食材部分有先炸再烤色香味俱全
但調味偏淡可以再鹹一些
整體而言不錯會再回訪😀",5 顆星
xuuj,Yo想吃串燒 (三重福和店),一間看起來很隱密的雲端廚房 但還是可以點外帶 老闆很親切,5 顆星
xuuj,Yo想吃串燒 (三重福和店),"小卷好吃！很嫩
節瓜多汁，比自己拷的好吃不知道幾倍🥲 …",5 顆星
xuuj,Yo想吃串燒 (三重福和店),餐點CP值超高！划算,5 顆星
xuuj,Yo想吃串燒 (三重福和店),"令人驚艷的包裝，鋁箔紙保溫。
雞塊鮮嫩多汁，小卷不會柴，吃的到烤肉味。",5 顆星
xuuj,Yo想吃串燒 (三重福和店),叫外送 店家包裝不錯 餐點好吃，店家很貼心有附手套,5 顆星
xuuj,Yo想吃串燒 (三重福和店),價格實惠，品項美味,5 顆星
xuuj,Yo想吃串燒 (三重福和店),藏在一個檳榔攤招牌下的隱藏廚房，好吃好吃,5 顆星
xuuj,Yo想吃串燒 (三重福和店),一定會再買第二次的店！,5 顆星
xuuj,Yo想吃串燒 (三重福和店),Cp超高，又很好吃,5 顆星
xuuj,Yo想吃串燒 (三重福和店),服務很好 東西好吃😋 …,5 顆星
xuuj,Yo想吃串燒 (三重福和店),百頁豆腐很好吃😋 …,5 顆星
xuuj,Yo想吃串燒 (三重福和店),方便 快 餐點優 也便宜,5 顆星
v9by,三和夜市脆腸滷味,選擇很多的冷魯味，脆腸很有名，點了雞腸跟脆腸，還有甜不辣、小黃瓜、雞心等！個人覺得脆腸口味較重偏鹹，雞心比較爽口！整體味道還不錯，但是不是很符合我個人的胃口！味道重香氣較不足！不過小鋪子還算乾淨整潔整齊！很不錯！,4 顆星
v9by,三和夜市脆腸滷味,Uber eat評論:太鹹了！，感覺適合配白飯！！希望口味可以不要那麼鹹,1 顆星
v9by,三和夜市脆腸滷味,超級難吃…我第一次吃素腰花是完全沒有味道…根本沒有調味，海帶硬到靠北…..小黃瓜醃的也不行，整包倒掉，浪費我兩百多塊,1 顆星
v9by,三和夜市脆腸滷味,"食物: 🌕🌕🌕🌕🌑
衛生: 🌕🌕🌕🌕🌑
價格: 🌕🌕🌕🌗🌑
服務: 🌕🌕🌕🌕🌕
再訪: 🌕🌕🌕🌕🌑
推薦: 米血.海帶.小黃瓜.脆腸

類似三和夜市的小楊脆腸,但應該不是同一家,蔬菜品項沒有夜市裡的小楊脆腸那麼多,個人喜歡脆腸大於雞腸,部分雞腸有帶食糜,跟脆腸比口感偏軟爛一點,部分又很有嚼勁,同樣是冷滷味的雞腸,比較喜歡蘆洲阿婆滷味,口感嚼勁比較一致

小黃瓜也滷得很入味不會有生味,最後還會再淋醬汁,個人覺得口味略鹹一點,如果可以把鹹度降低一點會更好",5 顆星
v9by,三和夜市脆腸滷味,"餐點美味
可是吃到ㄧ根頭髮⋯",3 顆星
v9by,三和夜市脆腸滷味,吃到頭髮，噁!,1 顆星
d8xd,美國佬極品牛排,其實在這一條三和夜市，還是有相當多的牛排店可以選，沒想到我竟然踏入了這一個很誇張的店，且聽我娓娓道來：走進店裡，要找座位，詢問店員菜單在哪，店員坐著滑手機，告訴我菜單在旁邊自己拿，拿了菜單回到座位。這次點了七分熟沙朗牛排，很好沒想到上來是全熟，這個肉質比路邊攤還過分，老闆你看看店裡都沒人，你心裡就沒點數嗎？魷魚味道還行，但是店內環境不好，走到後面的濃湯區、餐具區附近都是灰塵，剛剛倒的冬瓜茶也是索然無味。,1 顆星
d8xd,美國佬極品牛排,"之前有聽說他們工作人員態度不好，但今天沒有遇到這個問題

我點雞腿排，餐點好吃的，但送來沒有醬，告知後立馬加，似乎品質不一，有的鐵盤不熱，我的是正常鐵盤送來會呲呲的冒煙那樣，但我朋友的沒有，也因為蛋煎不熟就都是水水的

起司加20，但朋友覺得不太划算，因為就是一片起司，而且吃起來沒有加分效果

價格是合理的，餐點除了上述那樣，其實是好吃的，肉的熟度剛好，像我的雞腿排皮還是酥的，肉也不會都肉味，柴柴的這樣，麵是細黃麵體，好吃，送來的時候炒一下更香",2 顆星
d8xd,美國佬極品牛排,我點的是厚切沙朗牛排/7分熟/磨菇醬，好吃😋，可能因為我是外帶所以麵包內的奶油沒有溶解。,4 顆星
d8xd,美國佬極品牛排,餐點一般 但有位服務員幫媽媽二次弄熟牛排 很讚,5 顆星
d8xd,美國佬極品牛排,用餐環境較寬敞不擁擠是選擇這用餐原因  餐點多樣 除了牛排 還有意大利麵 燉飯 鍋燒麵 五分牛排有過熟硬了些 有點難咬 雞排軟嫩還不錯 感覺搭配的醬料都偏甜 還有玉米濃湯真的不行～,4 顆星
d8xd,美國佬極品牛排,"有顏色的水+冷掉的玉米濃湯，第一次看有店家用免洗碗讓客人裝湯⋯牛排的肉質不行，但黑胡椒醬莫名地味道還不錯。

有抽油煙機卻不使用，整間店都是油煙，味道沾得全身都是🤮

來逛街餓了隨便找一家店吃，隨性踩雷沒想到就爆了😵是不推薦的一家店，有看到評論的人請自行斟酌要不要迴避。",2 顆星
d8xd,美國佬極品牛排,第一次的負評給他們了 點的麵等很久 上來的雞絲麵成本大概不到50賣85 吃起來麵條還沒熟 真的很不推 份量也小 上面的料也不新鮮 湯整個看起來濁濁的,1 顆星
d8xd,美國佬極品牛排,"牛排好吃、玉米濃湯也好喝，CP值超高的平價牛排
每次來三和夜市不是吃口吅品臭豆腐就是吃美國佬的牛排，沒有第三家選擇XD",5 顆星
d8xd,美國佬極品牛排,"牛排我點五分熟，來的牛排卻像7分，切開完全沒血，而且有點（不新鮮的）臭味…不知道是否5:23是剛開店（？）鐵盤完全不熱，照片中我將蛋翻面，生蛋的地方卻完全考不熟。
內用的湯杯卻是使用塑膠碗，玉米濃湯倒下去超燙，根本拿不住…210元的牛排麵包只有一粒（而且很乾，完全沒有爆漿感）有照片橫斷面可證…",1 顆星
d8xd,美國佬極品牛排,"餐點送太慢了，點完餐後至少有半小時餐點都還沒上，而且先送比我們晚來的客人……？

另外，有一份牛排味道不太好(有消毒水味道)，不知道是不新鮮還是怎樣。

總之  不推。

但店家願意退錢，所以服務給兩顆星。",1 顆星
d8xd,美國佬極品牛排,每次來夜市都一定要來回味一下沙朗牛排的味道！黑胡椒口味一直是我的首選～～CP值很夠的晚餐選擇👍👍 …,5 顆星
d8xd,美國佬極品牛排,"牛排和義大利麵都很好吃
義大利麵的雞肉是用煎的，不是水煮的，味道非常美味
出餐塊服務親切
玉米濃湯很好喝",5 顆星
d8xd,美國佬極品牛排,來吃很多次～真的很喜歡這家的牛排，不僅份量多肉也特別多特別大🤤，價格合情合理 不貴 210的厚片莎朗牛很讚，可以加起司，肉的熟度可自行調整～一來都是滿滿的人～很推👍好吃👍,5 顆星
d8xd,美國佬極品牛排,第一次來到此店時，看上的是有多元化餐點，想說隨便點了個義大利麵，餐點到時也不負眾望，非常好吃。麵條口感很好、醬汁口感濃厚不膩，接下來每一次吃都會帶著女友，女友本身對於牛排非常挑剔，但來這家吃她只剩讚美，店員態度也都很好，或許是天氣熱和外頭聲音偏雜，店員說話都會提高點音量，這我都覺得沒問題，畢竟夜市本來就不是很安靜的地方，本人去至少5、6次了，每一次都沒讓人失望，非常推薦👍,5 顆星
d8xd,美國佬極品牛排,"牛肉大片、嫩，好切

牛排餐包鹹鹹甜甜、玉米濃湯剛出爐，奶油味濃厚，牛排嫩，好切但是有打很薄，店家的厚切沙朗和我理解的厚切不太一樣😅",4 顆星
d8xd,美國佬極品牛排,各人覺得味道很好 畢竟以平價的價位來講有好喝的玉米濃湯喝到飽 還有冬瓜茶可以喝已經沒什麼可挑剔了 而且店員都還蠻親民的 餐點選項很豐富 有牛排 義大利麵 跟鍋燒意麵可以選 cp值很高,5 顆星
d8xd,美國佬極品牛排,"餐點等了很久，大概30分鐘以上吧，我來的時候只有兩三桌，五點多人都還沒進來。濃湯很稀沒什麼料，裝濃湯用的免洗碗會燙到手或灑出來湯匙不能放裡面，餐具不乾淨🫠。
記得之前來這家店的素質沒那麼差，不知道是不是有換老闆，早知道吃另外一家🫠🫠真的以後不會來了。",1 顆星
d8xd,美國佬極品牛排,雖然不確定這個鍋燒麵跟隔壁的牛排是不是一起的，但這家牛排嘻皮值非常高，尤其是黃金雞腿排超級大塊，個人非常滿意，然後湯跟飲料都可以喝到飽，醬料的種類也非常多，經過這麼多終於進來吃覺得很滿意😋 …,5 顆星
d8xd,美國佬極品牛排,"第一次來，很不好的體驗，四大一小
叫我們上去二樓，還看到服務人員在抽煙，又把我趕了下來！
點了一份雪花牛排，蛋跟麵都燒焦了，想說算了加減吃，肉都是酸掉的，告知服務人員，態度很差，退錢態度也很差，一句抱歉都沒有！
從來不留負評，第一次送給這家店了",1 顆星
d8xd,美國佬極品牛排,"看評論講的很極端
我實際去店內用餐想說試個水溫
店員熱心助人.餐點也都還不錯。",5 顆星
d8xd,美國佬極品牛排,"一顆星我都覺得多 店員態度差的要死
在那邊聊天也不願意拿菜單過來
一份190份量超級少 肉超級薄超級老
真的很少吃到那麼難吃的..早餐店的豬排鐵板麵都比你們好吃.看評論那麼差
還不願意改進趕快關吧。",1 顆星
d8xd,美國佬極品牛排,本來上來想和大家分享一下，居然在夜市賣的義大利麵還會像西餐一樣會捲麵，也太厲害了吧，但看到大家的評價嚇一跳、他們家沒有評價說的這麼差啊，環境也不是拜拜桌、是大張桌子 椅子也不是硬的、人員態度也不錯、我進來還怕我熱、要我往裡面坐，吃完後也很有禮貌說謝謝，還是我比較幸運，沒有遇到上面評價寫的,5 顆星
d8xd,美國佬極品牛排,"昨天下班肚子餓，來本店用餐點了厚片
沙朗，蛋燒焦、玉米濃湯是冷的，肉品不新鮮，今天早上狂拉肚子，拉到虛脫無法上班，下次不敢光臨",1 顆星
d8xd,美國佬極品牛排,今天跟女朋友路過在外面看到店裡生意興隆 沒有吃過 但是不知道要吃什麼 走進去吃了一次 發現真的很好吃 很推薦大家來吃喔,5 顆星
d8xd,美國佬極品牛排,"人生第一次看評論跟給負評就獻給這家店了
到了之後光等餐等了快半個小時
送來的牛排還是酸的
店員退錢態度也很差
不要跟我說兩百多塊不要計較
做吃的最基本的食材有沒有問題都沒辦法發現
趕快倒一倒吧！",1 顆星
d8xd,美國佬極品牛排,"店員態度差
掉在地上的東西拿起來繼續用 一點衛生都沒有
點了份牛排 送來時呢 不知道是鐵板太熱 還是鐵板沒上油  蛋跟麵都焦掉 牛排點七分 吃起來像十分 上評論一看 原來是真的低",1 顆星
d8xd,美國佬極品牛排,"店名為：美國佬 極品牛排/義大利麵
生意不錯 口味尚可 價位在夜市中略高",4 顆星
d8xd,美國佬極品牛排,牛排小塊麵一小坨在味食鳥嗎？蛋底部完全有燒焦味，我點的牛排明明是3分熟為什麼送來的餐點看起來像是全熟的（完全沒有血的痕跡），起司也是加了20元結果只有薄薄的一層有必要這麼小氣嗎？,1 顆星
d8xd,美國佬極品牛排,平價美味CP值高的夜市牛排館 有賣我最愛吃的菲力 五分熟帶點血色軟硬剛好 這次點雙醬 有驚艷到不管是黑胡椒醬或蘑菇醬都好好吃 用料實在 服務不錯 老闆娘很親切 值得一推的夜市牛排館👍,5 顆星
d8xd,美國佬極品牛排,有牛排義大利麵的多樣選擇，還有湯區可以免費續湯，價位算平價，可以來吃吃唷,5 顆星
d8xd,美國佬極品牛排,"本來是很喜歡這間店的，也常常光顧，但這次對餐點有疑問，店員態度非常差，口罩也沒戴好
明太子義大利麵的明太子根本沒幾粒，酥皮濃湯也沒酥皮味",1 顆星
d8xd,美國佬極品牛排,"空間多氣氛好，很適合多人及情侶或是休閒吃飯來
特推他們的海鮮義大利麵
肥美鮮甜的大蝦😋",5 顆星
d8xd,美國佬極品牛排,環境髒亂 看到三四隻蟑螂 店員寧願滑手機 也不願接待客人 生意不好不是沒有原因的 非常不推薦,1 顆星
d8xd,美國佬極品牛排,可能就不太會招呼客人吧，但餐點還算滿有誠意的，CP值不錯啊。,5 顆星
d8xd,美國佬極品牛排,價格挺合理，環境不會太吵但感覺挺有人氣，最重要是牛排好吃！,5 顆星
d8xd,美國佬極品牛排,點了雞牛雙拼餐，飲料裏面有蟑螂，食物衛生不好,1 顆星
d8xd,美國佬極品牛排,"雞排不熟、蛋不熟
來的餐點是溫的，不是熱的
如果沒叫他用第二次，回家是否腹瀉還不知道
以前吃一次還不錯，看來是我錯了。",1 顆星
d8xd,美國佬極品牛排,愛吃牛的我最推巨無霸牛排，嫩而不柴涼了還嫩的很呢🤤,5 顆星
d8xd,美國佬極品牛排,義大利麵很好吃，軟硬恰到好處，汁也鹹度適中還會再來訪的,5 顆星
d8xd,美國佬極品牛排,坐位寬敞，牛排的cp值頗高，來夜市值得來吃吃看唷,5 顆星
d8xd,美國佬極品牛排,店內氣氛佳，吃得還不錯 適合家庭同事朋友閨蜜聚餐去吃,5 顆星
d8xd,美國佬極品牛排,這餐包有內餡，搭配濃湯真是一級棒👍⋯⋯,5 顆星
d8xd,美國佬極品牛排,蝦子半隻是黑的 麵甚至沒熟 第一次吃到 真厲害,1 顆星
d8xd,美國佬極品牛排,店內氣氛佳 沙郎份量大且平價 適合朋友聚餐的好選擇,5 顆星
d8xd,美國佬極品牛排,"點了店員推薦最嫩的牛排-菲力牛排360元（5分熟）
送上來跟全熟一樣 肉質沒有任何油花 乾的像肉乾一樣
麵送上來已經有很濃的燒焦味
地上還有水溝大蟑螂在亂跑
對夜市牛排不抱有太大的期望
但已經點了店裡算單價最高的肉品 不應該是這種口感
建議100多的口吅品都比這家300多的好一百倍",1 顆星
d8xd,美國佬極品牛排,價格合理，覺得餐點跟價格成正比，環境跟服務也都不錯～,5 顆星
d8xd,美國佬極品牛排,"牛排好吃，服務周到
下次還會來光顧👍",5 顆星
d8xd,美國佬極品牛排,"不像評論説的～我個人覺得還滿好吃的
服務滿親切，醬料也不錯，這裡畢竟是夜市一客也才210，➕蛋也才10元、也沒有必要要求很高",5 顆星
d8xd,美國佬極品牛排,昨日與女友及友人去用餐 點了一份雞腿排與牛排  雞排一開始上來就沒熟  但已經吃了一些了後才發現 所以請服務員重新煎一次  結果吃完回去女友及友人都有腹瀉的情況 只有我本人沒吃到雞排 所以才沒事 （當天都有一起吃到相同的食物 除了雞腿排）各位用餐的食客真的要小心為妙,1 顆星
d8xd,美國佬極品牛排,肉質很嫩，Cp 值高！服務人員態度佳～,5 顆星
d8xd,美國佬極品牛排,"第一次外帶買回家，肉口感又乾又柴，吃起來還帶酸味，肉是酸的正常嗎⋯⋯

湯更驚人，竟然有濃濃的消毒水味，喝一口就嚇到了

整體讓人心情很差的一餐",1 顆星
d8xd,美國佬極品牛排,點了360元五分熟的紐約客，結果肉又老又乾還很小片，夜市牛排以CP值及口味來說，口吅品如果是60分的話，這間大概只能給30分。,1 顆星
d8xd,美國佬極品牛排,Cp值很高的牛排館 氣氛歡樂 全家人來吃超棒👍,5 顆星
d8xd,美國佬極品牛排,無論是餐包還是牛肉都料理的恰到好處👍🏻👍🏻👍🏻超級好吃！,5 顆星
d8xd,美國佬極品牛排,環境放鬆，餐點很好吃～很適合朋友家庭聚餐來！,5 顆星
d8xd,美國佬極品牛排,"東西好吃，老闆娘又熱情👍
好好吃🤤 …",5 顆星
d8xd,美國佬極品牛排,"牛排店裡的鍋燒意麵，好吃耶
料多，湯頭也不錯！",5 顆星
d8xd,美國佬極品牛排,"雞腿排等特別久，以為會特別好吃，結果是特別難吃。豬排就還不錯。
音樂太吵，會聽不到同桌朋友說話。",2 顆星
d8xd,美國佬極品牛排,點一客360元的紐約客牛排，要5分熟卻來近全熟的牛排，入口卻瞬間感覺是在吃牛肉乾，非常雷的牛排店，吃過一次不會再來。,1 顆星
d8xd,美國佬極品牛排,歡迎大家來用餐～氣氛好服務也好！讚👍,5 顆星
d8xd,美國佬極品牛排,本來以為很普通的玉米湯，沒想到喝了讓人驚艷很用心。牛排份量也很夠，這次是混合雙醬，鐵盤也夠熱，吃完還可以逛夜市非常推薦的地方。,5 顆星
d8xd,美國佬極品牛排,"點紐約客牛排5分熟
吃起來卻硬的像肉乾
點鱈魚雙拼
鱈魚上淋著滿滿的黑胡椒跟蘑菇醬
魚排不是都另外放？？？
真的是第一次這樣的吃法
第一次光顧 也是最後一次光顧
花了650吃了一肚子氣",1 顆星
d8xd,美國佬極品牛排,店內氣氛佳，服務態度好，義大利麵好吃！,5 顆星
d8xd,美國佬極品牛排,環境舒適，服務態度很好，菜色有多樣選擇,5 顆星
d8xd,美國佬極品牛排,這邊的牛肉很好吃 三重人一定要來,5 顆星
d8xd,美國佬極品牛排,玉米濃湯超好喝噠～肉質恰到好處,5 顆星
d8xd,美國佬極品牛排,Cp值高，環境跟牛排都恰到推推,5 顆星
d8xd,美國佬極品牛排,"非常不推薦
地上爬了好幾隻台灣大蟑螂
肉質非常差
點了最貴的牛排5分熟
吃起來跟咬塑膠一樣
跟店員反應後也沒有任何改善",1 顆星
d8xd,美國佬極品牛排,料多味美、氣氛不錯、人是親切,5 顆星
d8xd,美國佬極品牛排,餐點好吃，肉大麵多，服務不錯，,5 顆星
d8xd,美國佬極品牛排,"夜市平價牛排美食，雖然環境不是說特別好，但是和戶外的夜市比，真的算不錯了，還有冷氣可以吹！店員服務態度尚可，畢竟也沒有收服務費，出餐速度很快，前面菜單和後面的吧台採自助式的要自己拿,整體算很可以，夜市也不用要求這麼多了。",4 顆星
d8xd,美國佬極品牛排,平價美食，食材豐富，值得一來再來的好味道～,5 顆星
d8xd,美國佬極品牛排,評價都說1顆星 但每次去都很多人 而且他們家黑胡椒醬真的很好吃 160的牛排真的還滿小塊的 但210的就正常多了 推薦來吃的要吃厚片210的划算多了,4 顆星
d8xd,美國佬極品牛排,"吃過最好吃的牛排
義大利麵cp值高
黑胡椒醬玉米濃湯好喝
真心推薦",5 顆星
d8xd,美國佬極品牛排,五分熟牛排硬梆梆 吞不下去 雞腿排也不行,1 顆星
d8xd,美國佬極品牛排,"內用需走過，髒濕的烹調區地板
玉米湯，碗太輕太小，湯匙大
常發生倒翻事故
黑胡椒醬死鹹
工作氣氛佳，很棒",2 顆星
d8xd,美國佬極品牛排,"今天跟我朋友來到貴店用餐
我朋友點了白酒蛤蜊義大利麵
我則是點了一個雞排排餐
朋友已經先到了 我當然是沒意見
但我一直看到其他排餐都送到別桌
甚至比我晚到的已經送上了

我就問店員說 請問我們這邊排餐還沒來
店員去問了 也沒有做回覆
直接是到我下去跟他們說 請退我錢
才結束這個荒唐句",1 顆星
d8xd,美國佬極品牛排,"好吃美味的義大利麵
貼心的服務餒！
值得再訪的餐廳",5 顆星
d8xd,美國佬極品牛排,交通方便地點，店內氣氛熱鬧，適合家庭聚會。,5 顆星
d8xd,美國佬極品牛排,餐不錯，也不擁擠，很適合聚餐,5 顆星
d8xd,美國佬極品牛排,份量超級少 肉整體來說不是很ok 可能去吃便當的更好吃一點 希望店家能有進步的空間 因為外觀跟菜單的內容是吸引人的,1 顆星
d8xd,美國佬極品牛排,食物好吃，環境舒適，服務很棒！,4 顆星
d8xd,美國佬極品牛排,外送來湯都灑出來了，另外點牛排主餐已經備注要蘑菇醬還是混了黑胡椒醬。😒,2 顆星
d8xd,美國佬極品牛排,東西不錯 下次會再帶朋友一起過來,5 顆星
d8xd,美國佬極品牛排,等的有夠久 五分熟的雪花牛切下一塊可以同時看到生的、3分熟、五分熟，廚師是真的很有料,1 顆星
d8xd,美國佬極品牛排,好吃超級推薦，下次會在去,5 顆星
d8xd,美國佬極品牛排,"吃了這家店才明白
擁有一群沒有素質的員工是件多麼悲慘的事情
長髮女的態度差 送餐用摔的
其他人聊天聲也非常的吵 嚴重影響到用餐體驗
要不是最低還要給一顆 一顆都不想給 麻煩先好好的學習教養是什麼再來開餐廳 一點基本禮貌都沒 也對 跟89我談什麼禮貌呢",1 顆星
d8xd,美國佬極品牛排,點單 結果讓我們空等半小時 我們單還是最長的 讚..送他6顆 這是多的 別客氣,1 顆星
d8xd,美國佬極品牛排,用uber eat點到這家，真的只能說難吃，280的牛排是重組肉就算了，一份150的意大利麵裡面的蔬菜居然是用costco的冷凍蔬菜，真的會讓人搖頭，外面那些老實做生意的義大利麵店真的很佛心。如果老闆只是想做一次生意，那ok你騙到我了，謝謝不用再聯絡了。,1 顆星
d8xd,美國佬極品牛排,真的認真不錯吃，可以嘗試看看,5 顆星
d8xd,美國佬極品牛排,"口味普通 環境需加強 價位尚可 服務普通
鍋燒意麵結合牛排店，是同一家！
二樓震動很嚴重還請重視一下安全性...
不過震動問題改善也只有兩顆星，因為環境衛生等等需要好好加強...
食物就普通，不難吃，但就是不會在回鍋的店！
其他也不想在評論了...",1 顆星
d8xd,美國佬極品牛排,本人其實不太看google評論，除非有值得評價的點；吃完一頓飯後刷了下評論，好棒，完全符合呢！,1 顆星
d8xd,美國佬極品牛排,燈光美氣氛佳！聚餐吃飯好去處,5 顆星
d8xd,美國佬極品牛排,"這家真的是難吃到ＸＸ
真的不要來踩雷",1 顆星
d8xd,美國佬極品牛排,0分，麵根本沒有醬，麵的量也少得可憐，基本上東西價格不低，刺青的店員態度也不好，好像欠他錢一樣，不推薦,1 顆星
d8xd,美國佬極品牛排,牛排有夠好吃 朋友聚餐首選,5 顆星
d8xd,美國佬極品牛排,真心不建議來這 餐點送來 鐵板是溫的 連蛋也不熟 直接變水水的蛋花 麵也是冷的 主餐也沒熟,1 顆星
d8xd,美國佬極品牛排,非常好吃 牛排很嫩👍👍 …,5 顆星
d8xd,美國佬極品牛排,"感覺不錯吃
在超級喜歡吃義式",5 顆星
d8xd,美國佬極品牛排,物美價廉，團體聚餐好去處！,5 顆星
d8xd,美國佬極品牛排,"服務態度不錯 但東西真的……
牛肉雞腿排都沒味道 ……",2 顆星
d8xd,美國佬極品牛排,非常好 已經去用餐好幾次了,5 顆星
d8xd,美國佬極品牛排,"雖然這裡比較少
但是店員姐姐很親切
給錯東西還會對你尷尬不失禮的微笑",5 顆星
d8xd,美國佬極品牛排,良好的用餐品質，優質的服務態度,5 顆星
d8xd,美國佬極品牛排,義大利麵很好吃 濃郁料多.,5 顆星
d8xd,美國佬極品牛排,"員工上班穿拖鞋 牛排醬給的有夠少
音樂聽起來像是8+9音樂",1 顆星
d8xd,美國佬極品牛排,Cp值高 很適合姐妹聚餐的地方,5 顆星
d8xd,美國佬極品牛排,餐點好吃，湯頭很棒,5 顆星
d8xd,美國佬極品牛排,歡迎你來體驗看看，真的不錯👍,5 顆星
d8xd,美國佬極品牛排,東西好吃.會再來,5 顆星
d8xd,美國佬極品牛排,"很幸運沒遇到像評論寫的那樣
紐約克好好吃喔！
黑胡椒有辣～",4 顆星
d8xd,美國佬極品牛排,"我都不知道自己到底吃了什麼
全部都是怪味道  只有玉米湯好喝而已
絕對不會在光顧",1 顆星
d8xd,美國佬極品牛排,上次帶家人聚餐、大家都說好吃、環境也很好、下次會再光顧,5 顆星
d8xd,美國佬極品牛排,肉完全沒味道 第一次吃到這麼難吃的牛排,1 顆星
d8xd,美國佬極品牛排,肉跟肉乾一樣硬 還有一部分咬起來像橡皮筋 有層次的口感值得您一試,1 顆星
d8xd,美國佬極品牛排,麵包跟濃湯好吃😋 …,5 顆星
d8xd,美國佬極品牛排,送過來東西全翻 備註也沒看 飲料全部滲出來 看到評分那麼低真的情有可原,1 顆星
d8xd,美國佬極品牛排,超雷！酥皮根本沒有澎也在出餐，瞎到不行！肉也很不新鮮，有個冰箱味，很糟！,1 顆星
d8xd,美國佬極品牛排,"牛排點七分熟變全熟
感受非常差 下次不會再來",1 顆星
d8xd,美國佬極品牛排,"超級好吃啊啊啊啊啊啊
$85 意麵 有蝦有肉有菜有蛋有蛤蜊（而且是肥大的蛤蜊！）三種火鍋料
吃完不會口渴，是甘甜的高湯味
推推❤️",5 顆星
d8xd,美國佬極品牛排,料理還不錯 適合聚餐,5 顆星
d8xd,美國佬極品牛排,價格公道，地理位置佳，優質,5 顆星
d8xd,美國佬極品牛排,超級好吃東西新鮮,5 顆星
d8xd,美國佬極品牛排,羊排好吃😋又美味,5 顆星
d8xd,美國佬極品牛排,"超好吃的麵＋黑胡椒醬
濃湯也好喝喔",5 顆星
d8xd,美國佬極品牛排,我是這裡常客，真的很推薦來吃。,5 顆星
d8xd,美國佬極品牛排,"幹好吃的
大推特推",5 顆星
d8xd,美國佬極品牛排,品質不錯👍環境氛圍不錯👍 …,5 顆星
d8xd,美國佬極品牛排,覺得很親切的店，店裡人員還不錯，又好吃,5 顆星
d8xd,美國佬極品牛排,這間等了30分鐘連東西都沒上隔壁桌晚來都走了,1 顆星
d8xd,美國佬極品牛排,優質義大利麵超好吃,5 顆星
d8xd,美國佬極品牛排,"態度極差
尤其是脖子後面有刺一個國字的",2 顆星
d8xd,美國佬極品牛排,義大利麵可以幫忙調你要的口味，在加起司超級好吃，麵裡面都吃的到起司，老闆娘人很好,5 顆星
d8xd,美國佬極品牛排,餐點美味、環境舒適。小朋友也吃得開心,5 顆星
d8xd,美國佬極品牛排,"服務態度極差，好像我欠錢一樣
用餐環境也非常糟糕。",1 顆星
d8xd,美國佬極品牛排,很好吃 服務很好  老闆娘漂亮 ❤️❤️❤️,5 顆星
d8xd,美國佬極品牛排,"老闆娘人好親切~~~~
東西好吃 南部口味
旁邊還有牛排店 大推！！！！",5 顆星
d8xd,美國佬極品牛排,牛排好吃，沒毛病，老闆娘人很好,5 顆星
d8xd,美國佬極品牛排,肉質剛好七分不老,5 顆星
d8xd,美國佬極品牛排,"湯裡面有蟲 蘑菇醬味道很怪
肉口感很差 店員態度不好",1 顆星
d8xd,美國佬極品牛排,筋多 桌上有小蟑螂,1 顆星
d8xd,美國佬極品牛排,餐點好吃😋 員工親切 …,5 顆星
d8xd,美國佬極品牛排,義大利麵超好吃,5 顆星
d8xd,美國佬極品牛排,老闆娘很漂亮,5 顆星
d8xd,美國佬極品牛排,義大利麵超優質,5 顆星
d8xd,美國佬極品牛排,肉乾 麵少 酥皮濃湯皮沒酥,1 顆星
d8xd,美國佬極品牛排,服務好，東西好吃唷！,5 顆星
d8xd,美國佬極品牛排,餐點好吃😋 員工親切 …,5 顆星
d8xd,美國佬極品牛排,好吃 cp值很高,5 顆星
d8xd,美國佬極品牛排,好吃 服務好,5 顆星
d8xd,美國佬極品牛排,餐點好吃，服務很好,5 顆星
d8xd,美國佬極品牛排,服務態度很好,5 顆星
d8xd,美國佬極品牛排,東西有夠少又貴,1 顆星
d8xd,美國佬極品牛排,"點Uber eats⋯
很不好吃",2 顆星
d8xd,美國佬極品牛排,湯裡面有蟲 很噁心,1 顆星
d8xd,美國佬極品牛排,吃牛排以為吃肉乾 🆒 …,1 顆星
d8xd,美國佬極品牛排,蛋燒焦惹，苦苦的,3 顆星
d8xd,美國佬極品牛排,吃牛排吃爽爽,5 顆星
d8xd,美國佬極品牛排,店員態度太差了吧？,1 顆星
d8xd,美國佬極品牛排,服務態度不錯,5 顆星
d8xd,美國佬極品牛排,好吃。服務好,5 顆星
d8xd,美國佬極品牛排,我應該相信評論的…,2 顆星
d8xd,美國佬極品牛排,推薦義大利麵,5 顆星
d8xd,美國佬極品牛排,好好👍吃 …,5 顆星
d8xd,美國佬極品牛排,古早味👍 …,5 顆星
d8xd,美國佬極品牛排,"餐具自助自己拿，黏又濕我真的不知道怎麼洗的，噁🤢
對了，還有肉的品質真的見仁見智，同樣在餐飲業上班，吃到這肉真的不敢恭維
就公道自在人心
兩個人都點五分熟，上來都近乎全熟
店員功力似乎離出餐相差甚遠
來用餐的人祝你們好運！",1 顆星
d8xd,美國佬極品牛排,好吃❤️❤️❤️,5 顆星
z27v,IG番喜豆陣糖葫蘆,好像是夜市新開的，今天看到漂亮草莓🍓孩子完全被吸引住，於是買了一個，老闆現做，我想說又不是草莓季，直覺草莓應該不好吃吧。跟孩子分食後驚為天人，也太好吃了吧！草莓大顆又香又甜，糖葫蘆很脆不黏牙，是個完美的糖葫蘆，大推！ …,5 顆星
z27v,IG番喜豆陣糖葫蘆,還不錯👍🏻 …,4 顆星
odi7,龍涎香港茶,"平價好吃的港式茶餐廳🫖
一樓沒有座位要直接上二樓 平日下午沒訂位現場有位子！環境還不錯剛好面對窗戶可以看到窗外一片景很美🌇
服務員帶位後會幫我們倒溫的廣東涼茶
用餐時間🈚️限制 可一直續茶水 要收一成服務費！
- 建議餐點一次點完 後續加點每次都會收服務費 像我們就被收了三次🫤光服務費就258了
只能現金不能刷卡

🔥牛肉炒河粉
入味又道地 河粉口感Q彈 牛肉嫩 鍋香氣很香不會太油膩
配料有：洋蔥🧅、豆芽、韭黃、牛肉、河粉、芝麻
有不吃的料可以提前跟他們說！

滑蛋牛肉燴飯
不推 太清淡了飯多粿著醬汁但沒味道 唯一牛肉很嫩值得稱讚👏🏻

貴妃流沙球
正常表現沒有太驚艷 外皮像芝麻球一樣
裡面真的會流沙！不會燙但大家吃的時候要小心喔☺️

蝦餃🍤
皮薄蝦子Q 🦐 大隻鮮脆 推推😚💗

菠蘿鮮油包
皮不夠酥脆但奶油好吃～

🍞🧈🍴西多士
附上整罐的楓糖醬可以自己加
外皮酥脆 配上奶油鹹甜搭配 不會太過油膩 好吃！

🧋鴛鴦奶茶
咖啡味重但覺得太甜了⋯喝起來感受大概是八分糖左右

凍檸茶🍋（hot🔥）
好喝！不會太甜 也沒有檸檬皮的苦味

/整體表現都不錯是想再回訪的店！",5 顆星
odi7,龍涎香港茶,上樓立刻感受到香港過去的繁華樣貌，不論是熱鬧度、擁擠度(6人也是坐在4人桌)，都很有香港寸土寸金的氛圍感；食物好吃，尖峰時刻會有很多人排隊，一定要先訂位,5 顆星
odi7,龍涎香港茶,"人很多沒訂位需要排隊
人潮不斷
味道不差
點了三個主餐
兩道熱菜跟三個點心還有飲料跟甜點
點心都不差
XO醬公仔麵好吃
鹹魚雞粒炒飯算粒粒分明但是沒有鹹魚感
腸粉加花生醬我們有點吃不懂
感覺甜醬油比較搭
炒花菜口味偏淡但好吃
服務生狂推三寶
所以點了一份三寶飯
付三樣小菜
以這個價格算很大一份
三寶本身蠻好吃但偏油
甜點皇家西多士看起來有點像臭豆腐
但是好吃
加上冰淇淋跟甜醬
上菜很快
收盤子也超級快
還在吃就在旁邊等壓力蠻大
非常的港式風格",3 顆星
odi7,龍涎香港茶,"假日要提前訂位
生意很好要在一樓等老闆安排座位
推薦炒牛河，XO醬海鮮公仔麵
就是要大火快炒有鍋氣
海鮮公仔麵海鮮還不少

煎蝦米腸粉
之前去澳門有吃到類似這種腸粉
腸粉捲成圈狀拿去煎
淋上一點花生醬
外皮恰恰加上花生醬香氣
台灣的吃起來比較油膩
但我還是很喜歡

點心類我們點了
燒賣、叉燒酥、蘿蔔糕、腐皮捲
每道都好吃
凍鴛鴦個人覺得茶味偏淡
要等冰塊融化才沒這麼甜

芝麻奶撈還有乾冰搭配
芝麻味香口感滑嫩

交通方便，捷運南京復興出來就看到了
以台北茶餐廳來說
這家真的蠻好吃的",4 顆星
odi7,龍涎香港茶,"在ㄧ次的朋友邀約餐敘後，成為這家店的忠實顧客。點心及飲品(鴛鴦、凍檸)都很美味且道地，燒臘拚盤更是驚艷的好吃👍🏻 店裡很乾淨，老闆也會四處走動招呼客人
更感動的是，有次買外帶因膝傷行動不便，兩位女店員見狀主動幫忙讓我在1樓點餐，等待時還提供茶水讓我坐著等，熱情親切又貼心的服務，值得推薦！",5 顆星
odi7,龍涎香港茶,"📍鮮蝦雲吞撈麵 170元
撈麵乾爽偏硬 鮮蝦雲吞是這餐的MVP🤩 超級飽滿 每一口都可以咬到蝦肉 而且不是那種敷衍的小脆蝦 是可以吃到蝦肉絲纖維的那種大蝦 調味也很好吃 推！

📍双拼飯（叉燒+油雞）150元
双拼飯可以從叉燒、油雞、烤鴨三選二 肉量足夠 個人比較喜歡叉燒 肥瘦適中有厚度 很下飯 油雞比較普 會看到骨頭部分紅紅的 不過飯整體不錯也吃的飽 小缺點是三道配菜不太熱

📍菠蘿鮮油包 65元
中間夾心鹹奶油平衡外面偏甜的菠蘿麵包 兩者搭配很可以 熱熱吃很讚 就算放冷也不會油膩

餐廳整體而言很不錯 兩人用餐等候時間不久 有收10%服務費 不過用餐過程一直會幫忙補熱茶 個人覺得在吃過的台北港式餐廳之中 難得東西好吃又吃的飽 收費又合理的一家餐廳 會想回訪！",5 顆星
odi7,龍涎香港茶,"算是平價好吃的港點，點了滿多樣的，都沒有很雷的，如下次想吃港式，會再回訪！
-生牛肉炒飯
味道很足，有鍋氣，稍稍油膩，但趁熱吃是好吃的！
-牛肉炒河粉
也滿好吃的，牛肉份量和大小都算足，河粉口感Q彈不會過軟。
-炸春捲
這個推推，外皮酥脆不會過硬，內餡有韭菜的香氣，但不會搶走肉的鮮甜味，沾上酸甜的醬汁，很好吃。
-奶黃包
普通的奶黃包。
-煎蝦米腸粉
這一款很特別，以為會是鹹的，沒想到是甜的，花生醬味道很濃郁，可惜內餡的蝦子不多，很像吃一坨原味的腸粉。",5 顆星
odi7,龍涎香港茶,"找到一家平價的港式料理～～😚
三寶飯好好吃🤤只是骨頭有點多 要慢慢啃XD
小菜用涼拌豆絲有點敷衍哈哈哈哈
我們也點了xo 醬🍤蝦仁公仔麵 我必須要說第一次看到放這麼大的🦐至少還有5隻！麵就很入味算小辣 但吃到蝦仁？味道整個超淡沒啥味道 感覺蝦仁煮熟在麵裡面拌一拌而已😅

鴛鴦奶茶好喝沒話說
我們還點芒果奶酪！哇～～乾冰登場！芒果🥭汁與奶酪與芒果果粒的結合讚讚 等蠻久的就是了（有20分鐘）吃完清涼消暑 推推",4 顆星
odi7,龍涎香港茶,"跟朋友來吃一次就愛上的港式飲茶店
這間座位不多，所以平日餐期來用餐的話人都會很多！每次看到菜單都會出現選擇性障礙的問題，因為真的很多餐點可以選擇！
是一間可以隨時回訪的店唷！
有機會的話會再試試看其他菜色！
雙併飯（雞鴨）：雞鴨肉都很嫩也很入味，倒是配菜就普普。
干炒牛肉河粉：每次來必點！炒得很夠味！
鮮蝦腐皮捲：還不錯吃！而且不貴！蒸鳳爪、
貴妃流沙球：口感很特別，比較像炸麻糬裡面包蛋黃餡兒，裡面的皮很Q，但吃起來沒有流沙包好吃！",4 顆星
odi7,龍涎香港茶,"上菜速度非常的快
點菜的時候可能要注意一下，
點菜員的建議會讓你的量過多

口味偏重就是很純正，香港茶水攤的口味
位子比較小
走道空間也小",4 顆星
odi7,龍涎香港茶,"附近旅行社推薦來吃的，用餐時間人很多，最好先來電訂位；服務人員清理餐盤很快，倒茶也很積極，但標榜是大排檔環境所以頗為嘈雜。單人不太好點餐，就隨意看看：

@脆皮燒肉飯，豬皮有點厚硬，肉偏鹹不太能適應，所附三樣小菜偏涼，吃的不舒服。
@煎腸粉，口感尚可，只是鑊上花生淋醬，有甜有鹹的味道，亇人不愛。
@鴛鴦奶茶，甜！

美麗的週末+不太適合的午餐，這樣的心情不好說⋯",3 顆星
odi7,龍涎香港茶,"脆皮燒肉應該是港式招牌
照片看起來也不錯，所有點了燒肉飯
結果好鹹⋯⋯⋯

是點錯項目嗎？

皇餃其它小點還可以
凍檸茶可以",3 顆星
odi7,龍涎香港茶,"原來是之前吃過的茶餐廳其他的分店。
特製腸粉很特別，可能有人吃不慣花生醬。
河粉普通，顏色感覺很入味,味道還行。
炸腐皮卷吃起來蠻不油的，叉燒蠻失望了，很不酥，感覺不是現炸的？位子很多，帶位的姊姊很貼心還幫我確認冷氣看會不會太冷。
吃完很飽😁
芒果冰也太浮誇了～ 還有乾冰但很甜。
總體普通。",3 顆星
odi7,龍涎香港茶,"炸雞翼煎蛋湯公仔麵 $170
生炒牛肉飯 $160
法蘭西多士(煉乳）$100
（要加一成服務費）

食物剛送上來都沒有很熱
西多士有附黑糖可以加
整體來說中規中矩 個人覺得cp 值不高",3 顆星
odi7,龍涎香港茶,"中午用餐人潮絡繹不絕，座位不大，點多了擺不下，建議單點自己喜歡的，多人套餐菜品不一定必點。

服務很港式，沒有笑容，但餐點美味，心裡稍可平衡；金沙蝦仁、青椒牛肉、do醬蘿蔔糕、油雞燒鴨、鹹魚雞粒煲都很推，還會再訪試試港點和菠蘿油。",4 顆星
odi7,龍涎香港茶,"港式點心偏油
環境吵雜
隨時添加茶水
整體而言口味還不錯
但太油放涼就變味了",4 顆星
odi7,龍涎香港茶,乾炒牛河很好吃，炒飯偏普通，港式蘿蔔糕推薦乾煎的外酥內軟很香，凍檸茶新鮮檸檬夠味。最後來個西多士，極佳的口味。,5 顆星
odi7,龍涎香港茶,"口味偏重、但餐點好吃、挺道地
乾炒牛河有鍋氣香
甜點脆脆麵包體Q彈",4 顆星
odi7,龍涎香港茶,港味十足的店， 好像覺得到了香港。 服務精神很好動作快， 氣氛熱絡。 餐點表現中肯，鹽魚雞粒炒飯 有味道重 口感很好 👍 例湯也不錯， 煎腸粉的麵皮有點厚,3 顆星
odi7,龍涎香港茶,乾炒牛河還不錯～午餐肉公仔麵跟冰火菠蘿油就滿普通，價格不高，還有商業午餐，如果在附近想吃港式可以來，不會特地過來用餐。,3 顆星
odi7,龍涎香港茶,"推薦蒸飯，三寶飯跟滑蛋系列普通。
要一成服務費、只能付現金。",4 顆星
odi7,龍涎香港茶,我吃過唯一一家點超多東西沒一樣打槍的港式飲茶，蝦餃很有誠意是整顆肥蝦包進去的，蝦球海鮮公仔麵也很好，叉燒酥的酥層層分明卻不乾燥非常好吃，蘿蔔糕有放臘肉有特殊的香氣，送餐快收桌也快，很適合來台北趕時間又超餓的旅客～,5 顆星
odi7,龍涎香港茶,"上菜快 口味偏重 另外點心類都不錯👍
服務生倒茶收空盤頻率高👍",5 顆星
odi7,龍涎香港茶,"想喝湯，所以點了湯麵，下次要來吃吃蘿蔔糕、燒賣之類的，中午還是訂位較好，有時候人會有點多，可能會小排隊。

鹹檸七好喝😍",3 顆星
odi7,龍涎香港茶,"原來這是多年前在我孝東路吃過的同一家店，看到久違的老闆，才知道原來是分店！
人太少，菜色好多，下次還要再來回味一下！",4 顆星
odi7,龍涎香港茶,"來用餐可以先訂位。

炒泡麵必點！

脆皮燒肉：皮非常脆、肉質肥瘦恰當。
很推薦的餐點之一！（可以搭配桌上的白砂糖一起享用）

蒸蘿蔔糕很特別、入口綿密、蒜蓉醬很濃郁。

熱凍檸茶：不知道為什麼茶很澀。（印象中以前不會）",4 顆星
odi7,龍涎香港茶,"豬仔包真的必點 超級好吃！
原本以為是普普通通的東西
但吃了驚為天人！！！！
很酥脆又不刮嘴，很香很讚！
乾炒牛河也非常推～～～",5 顆星
odi7,龍涎香港茶,"真的很好吃！很道地❤️
點了最喜歡的叉燒酥，酥皮又香又脆，
西多士也是人間美味，甜而不膩～^_^
流沙包隔天於烤箱加熱，還是和當天吃的一模一樣～
每道菜都很有香港的味道^_^",5 顆星
odi7,龍涎香港茶,"本來想點鴨腿飯，但因為已經售完，改點鴨肉飯
鴨肉有點乾柴，而且每一塊上面幾乎都有很難扯下的碎骨，啃到飯都涼了，吃到懷疑人生

推薦的有蝦餃 蘿蔔糕（有夠大份）

其他餐點我不知道，但真的不要點他們的鴨肉，不是強項，下次會再試試別的餐點",3 顆星
odi7,龍涎香港茶,第一次體驗到香港茶餐廳特色XD.一直倒茶，不過會倒到桌上都是水，很有趣。餐點上得很快，有不少素食選項。廁所在三樓。,4 顆星
odi7,龍涎香港茶,第一次和朋友來，服務態度超級好，雖有預約、但提早到了，營業時間一到我們就進門了，然後上餐也很快，用餐時間人很多，建議要預約再去。,4 顆星
odi7,龍涎香港茶,"無時間限制，茶水可一直續
點心都好好吃
腐皮捲外脆內餡豐富
鮮蝦餃皮Q蝦子大又脆又好吃
奶黃包皮有嚼勁內餡很流沙有鹹蛋黃味跟一咪咪椰子
蘿蔔糕一劃就開，外煎的脆脆內有一絲絲的蘿蔔跟一點臘肉？
粉腸Q有加花生醬很特別
餛飩撈麵也好吃
適合談天吃吃小點～～～",5 顆星
odi7,龍涎香港茶,"好一陣子沒來，味道還是保持的不錯，而且服務態度也有進步，也有開發票。
脆皮燒肉真的是必點，鬆化香酥的豬皮，著實令人念念不忘，蒸籠點心也蠻好吃的。
中午用餐時段絕對是客滿，稍微避開一下，就可以很悠哉的享用美食",5 顆星
odi7,龍涎香港茶,還可以（+50變套餐多選一個飲料）確實會併桌 ，對方吃東西喝東西簌簌聲 很大聲那種，手機看影片開超大聲，一樓沒位子，廁所在3樓，上去看才知道沒客人，只是員工在用餐，加一成服務費，有載具，只收現金,3 顆星
odi7,龍涎香港茶,今天2人用餐，要直接走上2樓，我們就點照片中這些餐點，大致上都還不錯，只可惜腸粉不是我想的那種腸粉。座位還挺舒適，店員服務好。,4 顆星
odi7,龍涎香港茶,整家店很有港味，餐點不錯吃，服務也很不錯，價格也公道，值得推薦,5 顆星
odi7,龍涎香港茶,"終於找到對味的港式茶餐廳！蜜汁叉燒煎蛋飯完全沒有缺點，蛋還可以選半熟或全熟，有夠貼心。菜真的是超大一把，完全不吝嗇。肉的量很多，淋上蜜汁真的讓人停不下來。
飲料的部分我點的是最喜歡的凍檸茶，每一口都喝得到檸檬的香卻不會太酸，也沒有為了蓋過酸味加太多糖，兩者搭配的非常好。
服務人員也很貼心都會來看有沒有需要加茶或是整理空盤，一上樓也是熱情招呼，找不到缺點的店就絕對會回訪！",5 顆星
odi7,龍涎香港茶,餐點好吃，口味沒話說，點了幾道都不雷，只是服務人員兩次漏點我們的餐點，等了很久，員工教育訓練需加強,3 顆星
odi7,龍涎香港茶,"🥲普到不行，料都很少，食物普通，唯一優點是地點方便和開很晚。
Not recommended, taste average but less quantity.

最後到訪日：2023/8/16
總到訪次數：超過5次",3 顆星
odi7,龍涎香港茶,"開心 滿足🥳
上菜速度很快 服務親切

腐皮蝦捲-香酥且完全不油
蘿蔔糕、燒賣也都有水準
XO醬鮑魚炒白菜-微辣很開味

只有「車仔檔」咖哩綜合拼盤 不推
一上菜就是涼的且口味也普

白飯最雷！🤣在台灣能吃到這麼難吃的白飯真的很難得！避開就好

旁邊有「卡娜赫拉」主題的7-11 超可愛😍要去！",5 顆星
odi7,龍涎香港茶,"非常好吃，令人驚豔的港式料理
服務也非常棒

台灣可能不適應茶餐廳的服務方式
但我個人蠻喜歡這種類似朋友間的輕鬆風格

附上超好吃的皇家西多士
感謝，下次再訪！",5 顆星
odi7,龍涎香港茶,"如果你是老饕，在台北的香港茶餐廳中，應該有 80% 的老饕會說「茶水攤」是教育我們茶餐廳味蕾的始祖，20 年過去，依舊能延續這難能可貴的不變味道，好靚！

公仔麵、干炒河粉、腐皮卷、燒賣、蘿蔔糕、腸粉、凍檸、凍奶，這些基本盤永遠都是大家的必點，也是許多老饕在其他茶餐廳吃完，會有一種「以後千萬別在外面亂嚐鮮」，最後把自己搞得很生氣，還是得回到這裡療癒自己的經典；

也許有些茶餐廳主理人不覺得茶水攤能代表香港茶餐廳，畢竟，在台灣的老饕都是吃茶水攤長大的，味蕾很難不被制約，這是事實！",4 顆星
odi7,龍涎香港茶,"香港人表示：
午餐時間人多可以理解
但店家不歡迎一個人用餐
等了十幾分鐘 終於輪到我
結果一個4人桌就讓剛進門一分鐘不到的4位客人用餐

說實在話 餐點也不那麼正宗
服務也不好
是真的不用再去

下面的圖是我之前用餐拍的
這家已被我列黑名單 也不會再推薦任何人去",1 顆星
odi7,龍涎香港茶,看評論都說乾炒牛河有多好吃 結果我今天這碗死鹹到我感覺我都在吃調味料😢😢太傷心,2 顆星
odi7,龍涎香港茶,"My favorite Hong Kong-style tea restaurant in Taipei offers delicious dishes like beef ho fun, phoenix claws, turnip cake, shrimp dumplings, and fried spring rolls. The dishes are served quickly, and there are plenty of seats available. Other branches cannot compare in terms of taste. The dishes at other branches may be slightly different. The restaurant has a second and third floor, and the restrooms are located on the third floor. As soon as seated, the servers will provide free tea water that can be refilled. Seats are narrow, but you can request a basket to put your personal belongings. When paying, there are carriers available.

Service: ⭐️⭐️⭐️⭐️⭐️
Deliciousness: ⭐️⭐️⭐️⭐️
Ambiance: ⭐️⭐️⭐️⭐️
——

台北最喜歡的港式茶餐廳，牛肉河粉、鳳爪、蘿蔔糕、蝦餃皇、炸春捲等，都是我最常點、好吃的菜餚，上菜快，座位很多，其他分店沒有這家好吃，印象其他分店的菜色，略有不同，餐廳座位有二樓和三樓，廁所在三樓，一到座位，服務生會提供免費的茶水使用，可續杯，座位狹窄，可跟服務生要求籃子，放隨身包包，付費時，有載具。

服務：⭐️⭐️⭐️⭐️⭐️
美味：⭐️⭐️⭐️⭐️
氣氛：⭐️⭐️⭐️⭐️
上述翻譯成英文",4 顆星
odi7,龍涎香港茶,口味還不錯，但相對而言，點心的表現比較好，其他餐點普通，推薦流沙球，裡面有滿滿的流沙湯。,3 顆星
odi7,龍涎香港茶,位於捷運站出口旁，一樓沒有座位，二樓座位區狹長，時菜海鮮炒麵是港式炒麵，麵體是酥脆的，淋上醬汁後會偏軟，吃起來很特別，口味偏鹹，能一直續茶水很棒，服務人員一直走動離座位很近令人頗有壓力,4 顆星
odi7,龍涎香港茶,"實際評分：2.5/5.0
到訪日期：2022/11/30，中午二訪
得知該店訊息：又是姑姑帶來的
位置：
。大眾運輸：捷運南京復興站5分路程
。隱密度：好找

餐點部分：腐皮捲偏油，肉方面還行，這次飯完全不行，感覺飯是電鍋跳起來沒悶就拿出來的感覺

用餐環境：環境可以

態度：蠻好的

感想：整體來說，這次肉還行，捲太油，飯完全不行

當日付款方式：現金

發票：電子發票

當日餐點：
總共 $ 594
---------------------------------------------------------------------------
實際評分：3.5/5.0
到訪日期：2022/07/08，中午初訪
得知該店訊息： 姑姑帶來的
位置：
。大眾運輸：捷運南京復興站5分路程
。隱密度：好找

餐點部分：湯的排骨有軟，還不錯，蝦球燴飯的蝦仁蠻大的，飯偏硬了些，鹹度偏鹹，豬排煎蛋撈麵的鹹度對我來說比較行，豬排油膩感跟口感要是再提升點更好

用餐環境：有2人桌、4人桌，座位不少，環境不錯

態度：蠻好的

感想：整體來說，平日有超值午餐還不錯啦，東西還行，環境算不錯

當日付款方式：現金

發票：電子發票

當日餐點：
滑蛋蝦球飯（套餐）$ 210
例湯 $ 0
豬排煎蛋撈麵（套餐）$ 210
鴛鴦 $ 0
服務費 $ 42",2 顆星
odi7,龍涎香港茶,每次必點鼓椒牛肉炒麵、鮮蝦腐皮捲、咖喱拼盤，好幾年沒來，美味依舊；今天點了豬排包（蜂蜜芥末醬），味道也很好。,5 顆星
odi7,龍涎香港茶,"裝潢 餐點滿道地的
東西好吃平價 服務也不錯
有機會會再訪",5 顆星
odi7,龍涎香港茶,"👉 燒賣：普普的燒賣，還行。
👉 腐皮卷：炸得皮薄酥脆，完全不油膩，蝦子也那種脆Q 的蝦子，不錯。
👉 凍奶：推測是用黑白淡奶吧，味道跟普通奶茶不一樣。
👉 菠蘿包：表皮奶酥不錯香，裡頭的奶油還行，不錯。
👉 魚翅餃：這個有一點點雷，略帶苦味，普普。
👉 蒸排骨：味道 ok 肉排鬆軟的蒸排骨。
👉 叉燒煎蛋飯：叉燒普通好吃的叉燒，淋上的醬油汁有夠好吃，吃完只覺得一陣銷魂。",4 顆星
odi7,龍涎香港茶,"老闆的口音很重但很熱情
當天品嚐了乾炒牛肉河粉以及煎蝦米腸粉都很美味😋",5 顆星
odi7,龍涎香港茶,"服務不錯！餐點好吃
不過現在疫情期間兩人座也沒隔板
距離隔壁桌大概也一個前臂的距離實在不大ok

今天所有餐點都好吃
不過對這蒸蘿蔔糕有點意見
吃起來不大新鮮，有的地方嚐起來有臭酸味
似乎很少人點，冰了又蒸蒸了又冰那種感覺",3 顆星
odi7,龍涎香港茶,道地的港式料理方式感覺就似身處香港，數次造訪總不會讓人失望，現在服務人員都是親切有禮且會一直補茶，盡量在離峰時間用餐就能坐到較不擁擠的位子，價格雖有漲但物超所值，是值得推薦的港式餐廳！,5 顆星
odi7,龍涎香港茶,"初訪是信義區的店 二訪是南京店，食物都有維持一定的水平👍🏻
推薦貴妃流沙球、鮮蝦腐皮捲、燒鴨拼盤
點的東西偏多 店員有主動幫忙換位置👍🏻",5 顆星
odi7,龍涎香港茶,"餐點沒啥味道 就超級普通
價錢不值得

如果點凍檸茶想要檸檬味
要自己DIY用湯匙壓檸檬才有哦
然後喝一喝還有果蠅飛進去游泳然後死掉

跟店員說重上一杯結果甜度給我正常糖沒調過的（我原本點的有調微糖 不過一樣甜死人  果蠅是不是被甜死的啊）

結論：不好吃 衛生實在欠佳 只能給到2顆星了",2 顆星
odi7,龍涎香港茶,從菜單招牌就能看出的正宗港式餐廳，實際吃了之後感覺沒有不推薦的理由，先從餐點方面，干炒牛河鍋氣足，調口合適，可能還有應當地口味調整了鹹度，豉汁排骨飯量多實在，這個價格和品質沒有看過更好吃以及更實惠的店了，薑蔥滑雞煲，虎皮尖椒牛肉也是各有特色，不論在下口味方面還是餐點份量方面都能讓人覺得非常滿意，與此同時上菜速度快也是值得表揚的一點；服務水平也非常到位，在飯店吃的時候服務員依舊很麻利地端茶倒水，中途添加點菜也是很快的就能處理好，不需要催；幾次來吃都讓人覺得相當的滿意，希望可以繼續保持水準，將地道的口味傳承下來,5 顆星
odi7,龍涎香港茶,"越來越貴了 不過想吃的選擇豐富的港式的話還是一個非常好的選擇～

不過第一次吃炒飯 好好吃
楊枝甘露普通 有點小貴",5 顆星
odi7,龍涎香港茶,人潮眾多，有時需要併桌、現場候位也是正常，但是會不停的想回來再吃一次,5 顆星
odi7,龍涎香港茶,"捷運南京復興站旁的巷口小店，香港茶水攤，港式飲茶，適合休閒聊天聚餐的好地方，此次是同事推薦一起過來的，也是我首次造訪，純港式風味，並沒有刻意調成台式口味,符合我個人口味。喜歡港式飲茶料理的朋友別錯過了，對了，因為吃飯時間常有很多常客訂位，建議先訂位以免久等不耐哦！",4 顆星
odi7,龍涎香港茶,服務人員親切，食物好吃，下次會帶孩子一起來試試。,5 顆星
odi7,龍涎香港茶,"港式麵、飯，飲茶點心，港式下午茶的茶點，甜點皆有，品項多可以隨心選用，很滿足。
整個氛圍有道地港式茶餐廳的擁擠感，很能體現出真正的香港茶餐廳氛圍，我個人非常喜歡這點💕
價位稍稍偏高，服務人員人數有些不足（少一星的原因） …",4 顆星
odi7,龍涎香港茶,"偶爾想到就會去吃一下的港式茶餐廳（茶水攤？）

好處是有點心也有燒臘類 ，價格又不像一般的茶餐廳那麼貴。 人數少少的非常方便，不用擔心是合菜，無法亂點 （點太多請記得打包或努力吃完，不要浪費食物！畢竟他們家選擇非～常～多～）

大多時候都是要排隊的，請先在一樓等候。

鹹魚雞粒炒飯不會鹹，吃起來很健康，雖然跟想像中不太一樣但還是推薦。

蒸餃類/腐皮卷/燒賣都不錯吃

燒臘拼盤也不錯，蠔油西生菜很好吃❤️

時菜魚塊燴飯也好吃，但是它一般常見的台式燴飯真的不太一樣喔！可以聽店員介紹！",5 顆星
odi7,龍涎香港茶,臘味蒸飯份量剛剛好，好香啊！我是點碗仔翅，但這碗也太大了啦！,5 顆星
odi7,龍涎香港茶,"食，港式料理
-
#台北
#台北美食
#港式料理
#捷運美食
-
位於捷運南京復興附近連鎖港式餐廳，店內用餐空間位於2.3樓，店內空間乾淨，位置上間距稍微小一點點！
-
。金沙黃金蝦球
-
個人非常喜歡一道料理，完整蝦子搭配蛋黃經過油炸過後，非常好吃，濃郁中不會喪失蝦子原有的鮮味，口感也非常紮實！
-
。揚州炒飯
-
飯量非常飽滿，不會過於油膩，炒飯屬於粒粒分明，份量個人認為一個人吃非常有飽足感！
-
。雙拼（燒鴨。油雞）
-
油雞味道很足夠，肉質緊實新鮮，醬汁上口味雖然比較重一點點（口味依個人而定）但不會影響雞肉本身的鮮味。
燒鴨肉質軟嫩，可惜皮稍微軟了一點點（個人喜歡吃皮富有口感一點）
-
。鮮蝦腐皮捲
-
腐皮捲酥炸過後，沒有油耗味，口感酥脆不油膩，鮮蝦非常有彈性也新鮮，吃起來非常爽口，會讓人一口接一口
-
。芋頭紅豆西米露
-
加入了椰奶的西米露，吃的到完整芋頭，芋頭綿密，紅豆顆粒也非常飽滿沒有破裂，喝起來非常飽足感，也不會讓人過甜。
-
整體用餐感覺良好，店家也很貼心的依據人數或有帶孩子的客人調整座位，上餐速度也很快，喜歡吃港式料理的同學可以參考看看。",4 顆星
odi7,龍涎香港茶,餐點還算不錯，但三個人點這四樣，一杯凍鴛鴦，一人280元，大概七分飽，價錢略高份量太少。,3 顆星
odi7,龍涎香港茶,定期就會非常想念的餐廳，最愛他的叉燒飯、乾炒牛河、例湯、炒麵，每次吃完都感覺很療癒，是我的愛店❤️,5 顆星
odi7,龍涎香港茶,"地道港式餐廳，空間座位比較狹窄。平日人比較多，干炒牛河很好吃，有碳火香氣，腐皮蝦卷推薦，甜品楊汁柑露超級棒！！
價格實惠好吃！",5 顆星
odi7,龍涎香港茶,"一間很有特色的港式料理
食物品項選擇很多
味道十分道地、好吃
飲料也好喝

美中不足的地方
就是座位太密集
如果背包包
座位下的置物籃是放不下的
有點擁擠
但整體環境與食物
都是很不錯的

會在光臨品嚐更多品項
（因為實在太多樣了…）",4 顆星
odi7,龍涎香港茶,不知道要吃什麼的時候，都會選擇這家。我喜歡他們的炒飯炒麵，桌上的辣醬配飯麵都很好吃，凍檸茶讓我想起去香港出差的日子，不過香港的口味更甜，這間的比較剛好。,5 顆星
odi7,龍涎香港茶,金沙蝦球蝦子很大顆、法蘭西多士也不錯、XO醬炒蘿蔔糕很香，叉燒酥內餡味道較普通，冰鴛鴦很濃很好喝👍 …,5 顆星
odi7,龍涎香港茶,"今天的炒飯沒有焦味 非常好吃☺️
第一次點叉燒酥 雖然有點貴 但是真的很好吃 又酥又不乾澀 還很香",5 顆星
odi7,龍涎香港茶,"香港道地的好味道，不愧是開了十七年的老店！
口感讓人讚不絕口，每道菜都好好食！
老闆服務親切和善，很會做生意且都會照顧每桌餐點狀況！
想要吃香港味，這家是不二選擇？",5 顆星
odi7,龍涎香港茶,"從延吉街茶水攤剛開就去吃過幾次
搬來南京也來吃過一次
今天再度造訪
看到前面兩名客人 在一樓看菜單
說要畫菜單
現場卻找不到筆

客人揮手
想問裡面正在準備餐的師傅
明明客人就在前面揮手
師傅就在玻璃那側
硬是沒聽到 沒聽到 不抬頭
這玻璃不知道是什麼做的🤣🤣

到二樓去發現二樓搶槍滾
樓梯旁硬是加了三小桌
旁邊人小聲講的話都聽得ㄧ清二楚
感覺很壓迫

店家熱情走動式服務

豬排餐肉飯 是招牌的原因就是
出菜超級快的

豬排好吃 火腿外脆內軟 跟平常吃的火腿不太一樣
例湯 裡面有雞肉 還有一顆疑似燉水梨的水果 無花果
叉燒燴飯

腐皮卷 好好吃 蝦肉甜 脆",4 顆星
odi7,龍涎香港茶,安全牌的老字號香港茶餐廳，XO醬類的炒公仔麵跟蘿蔔糕都好吃，奶茶也道地，菠蘿油的麵包是台式的那種便宜麵包就不太ok，西多士也很普通～,4 顆星
odi7,龍涎香港茶,"份量適合1-2人 不過2樓用餐空間真的太小😅 還沒到用餐時段 位置還很多 但服務員卻安排都擠在同一區 這個是蠻問號的😊

撈麵好吃👍 三寶飯的叉燒還不錯🤣
停車要走一段路 捷運會方便很多～

用餐時間蠻多人的  服務員非常隨性 不過補茶水蠻勤勞👍",3 顆星
odi7,龍涎香港茶,"炒青菜220，完全不推
腐皮捲上菜的時候醬汁灑的亂七八糟的
牛肉河粉很乾
這個價格真的失望，往前走10分鐘還有一間CP值更高的
下次不會再來了",1 顆星
odi7,龍涎香港茶,"已經避開人潮少的時段去用餐
2個人沒訂位 說沒位子
還問要不要併桌？
說不要併桌 請我到樓下等
後面4個上去說沒訂位 就有位子呢！
前後不到五分鐘的事
明明就有位子
店裡老闆或員工都會說那是有預訂的

從以前就在敦南店吃很喜歡
沒想到這次來南京店 真的失望～
想說要幫忙移上菜的位置
老闆還不高興
他可能有他自己的標準位子吧？！

知道餐飲業很缺人
不要求服務 但是也不用這樣～",1 顆星
odi7,龍涎香港茶,港式茶餐廳老店，早期算很紅的茶餐廳，餐點維持的水準很平均，味道跟多年前無異，上菜快速，炒飯好吃，其他都還可以，想快速吃一頓港式餐點這裡很方便。,4 顆星
odi7,龍涎香港茶,"法蘭西多士(原味 )：5顆星
西多士很好吃，整體脆脆也不會過於油膩。
干炒牛肉河粉：4.5顆星
河粉弄得QQ也不會軟爛，調味也不錯。
XO蘿蔔糕：3顆星
蘿蔔糕屬於那種偏白的。
煎腸粉：2顆星
花生醬包在腸粉內，這樣腸粉整份吃起來偏油，口感跟口味都不好。
叉燒煎蛋飯：4顆星是給叉燒的，整體只有3分，因為飯跟菜不值得。
腐皮捲：4顆楊
豆沙芝麻球：3顆星

全部飲料：1顆星

服務方面體驗回饋：

我可以理解，僱用外籍人士有可能是為了省人事成本，或是在繁忙的港式茶餐廳，不易招募員工。但是請外籍人事做點餐的工作，且讓對於中文字不懂的人操作pos 機點餐，很容易造成點餐錯誤。舉例來說，客人點餐時已經用口語說一遍並將手指放在桌面上的圖片菜單，彼此交互確認，但是經過pos 機回來後的餐點紙仍然是有問題的。",2 顆星
odi7,龍涎香港茶,東西很好吃，會再光顧。,4 顆星
odi7,龍涎香港茶,"十年前常去延吉總店吃，今兒個帶著阿嬤推著輪椅，讓阿嬤自己慢慢走上二樓座位。

謝謝店員安排我們在樓梯口的座位；廁所在三樓阿嬤也是自己走上去。

分店口味跟總店一樣，價格十年來好像～也沒漲過，重點是阿嬤吃的一乾二淨，只差沒舔盤子。",5 顆星
odi7,龍涎香港茶,"餐點口味：口味滿道地的，口味偏重，脆皮燒肉不知道為什麼皮跟肉分離，但脆度很夠，配菜普普。乾炒牛河還不錯，份量多。凍檸茶不錯。
環境服務：店內小小的，空間不大，但位置及翻桌率算高，服務很港式，哈哈。
價位回訪：價位不算太高，有機會經過會再回訪。",4 顆星
odi7,龍涎香港茶,平日中午有商業午餐，有附飲品。點了一盤脆皮燒肉飯，覺得皮很酥脆，比常見燒臘店的燒肉飯好吃很多。朋友點滑蛋牛肉的樣子，肉片也挺大片。結帳發現會加一成服務費。,5 顆星
odi7,龍涎香港茶,"餐點保有一定水準，
用餐空間狹小壓迫，
不適合聊天和聚會。
員工很多訓練有素，
收盤服務過分殷勤，
客人得學會看眼色，
才剛抹嘴就得離開。
點了經濟雙人套餐，
有鹹魚雞粒豆腐煲，
豬排餐肉煎雙蛋飯，
鑊氣乾炒牛肉河粉。
加點了煎蝦米腸粉，
煎得外皮香脆裡嫩，
搭配甜醬油芝麻醬，
一直很喜歡的小吃。
也推薦滑蛋叉燒飯，
蛋液勾芡做得很好。",4 顆星
odi7,龍涎香港茶,"服務態度很好，入門先量體溫。
位置很多，帶位跟給餐都很快。內用在二樓。
而且蛋要不要熟跟要不要對切都交代一次就會記得了，加點也不會忘記。
波蘿油的起司有融化，很美味。
蜂蜜芥末豬排包的肉好吃，麵包很脆，熱熱的蓬鬆，豬排肉好吃。
加茶跟收盤都很勤快，有收服務費。但收的很值得。
凍奶也不錯喝，茶味跟奶味都不會因為有冰塊而變淡。
三寶飯的肉好吃，配菜普通，這比較像傳統燒臘店。米飯口味普通。
但豬排餐肉煎蛋飯很不錯，豬排很美味，
簡單好吃。煎蛋恰到好處。",4 顆星
odi7,龍涎香港茶,"昨天晚上用餐  點了 叉燒飯+奶茶
深夜劇烈胃痛 好險有胃藥舒緩症狀
同行的人和我點的不一樣  深夜安全度過
唉唉 看了評論前一天也有人 拉肚子
有和我點的一樣的餐點嗎？....",1 顆星
odi7,龍涎香港茶,"個人口味評分:
1.楊州炒飯
總分：★ ★ ☆ ☆ ☆（2.5）
炒飯微濕黏，粒粒不分明。
還有很抱歉，我喜歡吃熱的，送來的飯是溫的。

2.干炒河粉(牛肉)
總分：★ ★ ★ ☆ ☆（3.5）
軟嫩河粉+清脆豆芽+Q彈的牛肉片
份量夠有誠意!各方結合口感相處融洽💏~
小缺點:吃到七成左右，油膩感激升

3.XO醬蘿蔔糕
總分：★ ★ ★ ☆ ☆（3.5）
因為整體算好吃，直接講缺點。
(1)蘿蔔糕，拌炒太久的感覺，過軟過油
(2)拜託給我熱的菜，期待吃到蘿蔔糕的饕饕可能會失望

4.蒸排骨
總分：★ ★ ★ ★ ☆
建議可以再軟爛一點點點(就說了是個人評論了!)

5.腐皮捲
總分：★ ★ ★ ☆ ☆（3.5）

6.流沙包
總分：★ ★ ★ ★ ☆
手工皮的口感，內陷是剛好不會礙手的份量👌🏻
讓人再次陷入蛋黃與奶油莫名其妙的膠著👍🏻
Ps:整桌唯一冒煙會熱的食物!!!!!!(直接躍昇第一名🥇)

7.燒賣
總分：★ ★ ☆ ☆ ☆
感覺是店裡燒賣沒了，打電話跟貴族世家支援的產品。
可以點來看看我說的對不對。

8.法蘭西多士-煉乳(French toast)
總分：★ ★ ★ ☆ ☆
沒特別，味道ok。
因為就是都平平，相對$$有點太貴。

9.冰火菠蘿包
總分：★ ★ ☆ ☆ ☆
🌬應該是想叫我用怒火加熱，直接給我冰的就好啊🔥。

10.飲料-鹹檸檬七喜
總分：★ ★ ★ ★ ☆

11.飲料-凍檸茶
總分：★ ★ ☆ ☆ ☆

關於餐廳
環境：★ ★ ★ ★ ☆
衛生：★ ★ ★ ☆ ☆
服務：★ ★ ★ ☆ ☆
環境不錯，有港式平民氛圍，很喜歡，有那種可以遇到浩南或周星馳的期待感。

總結:
「口味好但質感不優」
若想嘗試平民的港式料理可來享用，但若是想走精緻型的就沒那麼適合囉～

菜單上的餐點沒吃到的，下次還是會再來光顧啦!
☝🏻但最後還是要貼心提醒
🌬冷天別去吃!因為體涼心更涼!(熱食主義者記得帶微波爐或暖暖包🔥)",3 顆星
odi7,龍涎香港茶,"個人推薦乾炒牛河、星洲炒米，家人偏愛叉燒、鴨腿，其他餐點都在水準之上。
服務人員態度親切，每當到附近洽公，家人都經常性要求點餐外帶當晚餐，成為當天的小確幸。",5 顆星
odi7,龍涎香港茶,"原本很排斥喝「香港奶茶」，
起初在台灣喝了幾次很難喝，
太多間太雷的！
但這家店不會！非常很好喝！！
老闆是香港人，
做的東西都是最中規中矩的粵菜，
有問題跟值班經理反應也能馬上解決，
連菠蘿油也是最正宗的加有鹽奶油，
吃起來鹹甜鹹甜的，
一個月會回訪了快3次左右，
非常值得推薦！",5 顆星
odi7,龍涎香港茶,同香港嘅茶餐廳比，仲差好遠下喎…,3 顆星
odi7,龍涎香港茶,"樓下櫃枱的店員真的超級雷的。
中午休息時間來用餐，我2位。
櫃枱說要現場候位，我已經等10幾分鐘了。
突然來2組2位的客人，一組說有訂位，一組說沒有。
然後他們都直接上去吃飯欸？
我等心酸的嗎？？？
前面說有訂位的還和同行友人講剛剛5分鐘前打來訂就有位置了？
請問我等什麼？
然後我還在等，後面再來3組2個人的，又可以直接用餐了？
靠北我前后等了5組是怎樣？
一句道歉都沒有啥小。
貴店的服務真的一分都不想給。
中午不用吃可以直接回去上班啦🙄🙄",1 顆星
odi7,龍涎香港茶,店家位置很方便，南京復興捷運出口一出來就到了！餐點港點-燒賣.蝦餃.芝麻球味道還可以，但乾炒牛河太鹹了一點，鼓椒蝦仁炒麵就還不錯吃，蝦仁超大顆、麵也脆脆的好吃，感覺還可以唷！,4 顆星
odi7,龍涎香港茶,"沙嗲牛肉炒公仔麵
牛腩牛肚撈麵
凍檸茶
現蒸蝦餃皇
蝦籽蒸燒賣
奶皇流沙包
法蘭西多士(煉乳)

最近聊到茶餐廳，又想不到吃什麼，就擇日不如撞日衝一波～

這凍檸就是香港那味呀，非常可以，連價格也是😆🤣

牛腩撈麵與炒公仔麵也很有水準，比在京翠好吃很多🤤🤤🤤

點心就普普正常發揮，茶餐廳還是吃茶餐廳的強項好了。",4 顆星
odi7,龍涎香港茶,東西好吃，不過要確實核對點單有沒有成功喔，遇到還不太會說台灣話的服務生點錯單,5 顆星
odi7,龍涎香港茶,"老闆介紹詳細，若有不懂可以提問，老闆會再講解的更清楚。

為了防疫，店內也有使用防疫的透明隔板做防護。

這次吃的是：豉椒牛肉炒麵、凍檸茶、鹹檸檬七喜、XO醬蝦球籽蝦球撈麵、香煎腸粉……等等的料理。

「豉椒牛肉炒麵」是脆的炒麵，口感十分特別，牛肉軟嫩滑順，洋蔥微甜，推薦給沒吃過的嘗試。

「XO醬蝦球籽蝦球撈麵」是店內熱銷招牌之一，美味程度不在話下。

「香煎腸粉」味道豐富，但吃的時候小心燙，放了一陣子，裡面還是熱的，很好吃，口感也很好。

裡面餐點，只有名字帶有「XO醬」的，才會辣。不過店里也有額外提供鹽巴跟辣醬。

沒有用餐時間的限制，若是比訂位時間還要提早到，可以先行入座，店里提供免費熱茶。

店內2樓用餐，3樓有廁所，廁所乾淨。",5 顆星
odi7,龍涎香港茶,"2022.06.09 星期四 中午
東西好吃，適合大家！
比一般港式飲茶要棒。
脆皮燒肉必吃，只有中午，晚上賣完。",4 顆星
odi7,龍涎香港茶,茶水攤一直都是我非常喜歡的店家，很平實的價格與食材，卻有不一般的美味，豬排餐肉煎蛋飯和西多士是我每次來必點的餐點，每次吃完總讓我有被療癒的滿足感，是個一陣子沒有吃到就會令人想念的好味道~,5 顆星
odi7,龍涎香港茶,帶著老婆小孩來用餐，點了蝦撈麵豬排撈麵，豬排是我喜歡的沒裹粉的那種，撈麵是細的但很有口感，還點了其他小點，服務人員帶著廣東腔對話，聽著鄭秀文、劉德華的粵語歌，彷彿間來到了香港的錯覺，很愉快的用餐體驗，已二訪,4 顆星
odi7,龍涎香港茶,點了叉燒雞蛋飯，叉燒沒啥味道且筋有點多，但飯與蛋調理得不錯。後來結帳發現、加一成服務費，嘖嘖嘖嘖 這樣吃飯壓力很大。,3 顆星
odi7,龍涎香港茶,"服務態度相當好，店員口音是香港人，這次點了
法蘭西多士（原味）：內餡沒有流沙的感覺，外皮淋上蜂蜜，還可以。
波蘿鮮油包：熱呼呼且酥脆的外皮加上鹹奶油遇到熱熔化與麵包結合，咬下去那口真是令人神魂顛倒。
豬排煎蛋撈公仔麵：豬排現炸的相當好吃，公仔麵偏軟，個人喜歡硬一點。
脆皮燒肉飯：皮相當酥脆，肉有點太鹹，且溫度不夠熱，這道普通。
現蒸蝦餃皇：咬下滿滿的蝦肉，但吃起來蝦味不夠，這道普通。",4 顆星
odi7,龍涎香港茶,"又來啦！只要到台北  就無法選擇吃別的
雲吞超香港 🤤",5 顆星
odi7,龍涎香港茶,這真的是我在台吃過最難吃的港式茶餐廳了，三寶飯的肉又硬味道跟配菜都不佳，其它芥蘭超大盤但也是粗硬，環境乾淨度也是有待加強…,2 顆星
odi7,龍涎香港茶,南京復興站旁的港式茶餐廳；充滿香港用餐氛圍,4 顆星
odi7,龍涎香港茶,"港式料理，偏鹹也偏甜，比較重口味，自己吃不習慣☹️
整體來說，服務感受良好，17:30到店門口，因為沒有訂位稍等了一下才上樓。發現裡面坐的滿滿的，好多人愛吃港式料理啊～

兩個人點了六樣，吃的超飽，加服務費大概快700塊。
今日唯一敗筆就是亂點了一個通心粉，本來想吃撈麵的，結果上來是像幼稚園小朋友會吃的那種短小義大利麵，真是太無知了🥸

點心類的芝士、楊枝甘露、煎腸粉，一個人吃完都會太膩，2-3人分掉剛剛好。第一口都算好吃～吃到後來會覺得太甜。

最好吃的是蝦皇餃，吃下去覺得驚艷，一看價錢一顆就要40塊，不好吃也難😆

最後奶茶，奶精味偏重，茶味也頗重，重點是，喝了一杯超會利尿，整晚還可以當夜貓的亢奮。小膀胱者，請勿輕易嘗試。",3 顆星
odi7,龍涎香港茶,"油雞湯麵覺得一般般，走清淡路線，沒有特別突出但也不會不好吃
友人點的奶茶也覺得普通
法蘭西多士熱熱甜甜的滋味，比主餐還討喜
飯後會附一碗紅棗白木耳，也不會太甜，加分！
總體來說還是可以來吃吃看的～",3 顆星
odi7,龍涎香港茶,這家的港式目前吃到的每一道都很好吃很正宗，完全沒有失望的. 這邊的菜單也是港式想得到的想不到的也出現了（想不到=只有在香港才看得到的菜單）. 先前看了這邊的評論略低是因為服務不好可是我的經驗完全沒有不好，店員們的態度非常好又很親切也很勤力的來收盤/還盤.,5 顆星
odi7,龍涎香港茶,這店家的服務態度太惡劣了，每次都不給坐靠窗的位置，問他們為什麼又不回我，最重要是連基本尊重客人都沒有(沒有謝謝)，還要多收我一成服務費，而且食物質素普通而已。其實台北還有更多的香港茶餐廳可以去，像彌敦道茶餐廳、九月茶餐廳更值得大家去，這一間根本不值得大家去嘗試。,1 顆星
odi7,龍涎香港茶,"乾炒牛河好吃但份量有點少
鮮蝦腐皮卷酥脆可口
煉乳西多士 和流沙包一般（皮太厚）",4 顆星
odi7,龍涎香港茶,"香港茶水攤南京旗艦店🤩
人潮蠻多的 附近也不太方便停車～
建議大家搭捷運過來會比較方便唷！
餐點種類很多～真的比一般茶餐廳還要多！
今天兩個人點了乾炒牛河、蘿蔔糕、蒸鳳爪、錦繡魚翅餃、特製炸雞翼還有港式炸春捲。
還有飲料凍檸茶🥰

蘿蔔糕算是裡面最不推薦的
一份才三塊可是卻吃不完
因為有一股冰箱味😔😔😔
就是那種退冰後冰箱的味道⋯

其他的都還算蠻好吃的
裡面最喜歡的應該是乾炒牛河了～
香香油潤肉質也很軟嫩
板條麵體也非常Q彈好吃👍🏻
跟祥發算蠻有得比的！
至於其他的炸雞翅、鳳爪、魚翅餃等
Cp值算中上，以一盤90元的價錢來說～
蠻值得點來吃的！
凍檸茶則是有一點偏甜🤣
酸一點會更好唷！

最後說說服務部分，
應該是說服務上真的很港式🤣
不過還算可以接受啦哈哈",4 顆星
odi7,龍涎香港茶,"二訪
《煎蝦米腸粉》
先推再說!
粉腸淋上花生芝麻醬，香而不膩
撒上白芝麻，皮酥略有口感
.
《牛肉炒河粉》
鹹度適中、牛肉軟嫩，
分量很多
兩個女生吃一盤都很飽
.
《法蘭西多士)
有原味/花生/煉乳口味
我們點的是煉乳還有附蜂蜜
處理過的厚片擺上一塊奶油
利用厚片的熱度，奶油漸化
內有夾層，吃起來鹹鹹甜甜
超好吃!!!
.
可惜凍檸茶不知道為什麼喝起來帶一點苦味
但下次還是會想試試看其他飲料喔!
建議避開吃飯時間，否則較為吵雜，以上推薦大家:)",4 顆星
odi7,龍涎香港茶,"1. 服務部分：基本上就是一般例行的點餐送餐，沒有特別親切招呼，但是整理桌面倒是滿勤的，服務員看到有空盤子就會過來幫忙收掉，不知道是不是因為當天用餐比較早，還沒有那麼多客人，所以收得那麼勤。

2. 餐點部分：
（1）脆皮燒肉飯：份量中等，以成年男子的食量來說，單點一份燒肉飯可能會覺得有一點不太夠；脆皮真的很脆，但缺點是很死鹹，另外配菜很一般。加50元可以換飲料或是碗仔翅，碗仔翅送來的時候上面已經加好紅醋，也就是說沒辦法喝到原味，另外碗仔翅非常鹹。
（2）皮蛋瘦肉粥：沒有什麼味道。加50元可以加一份蘿蔔糕，蘿蔔糕滿軟的，個人並沒有非常喜歡。
（3）菠蘿油：個人覺得中上，味道還不錯，但是菠蘿並沒有考得很脆，如果菠蘿的部分脆一些，會更好吃。
（4）叉燒包：非常一般的叉燒包。
整體而言，本店的食物價格偏高，但美味程度並不如預期。",2 顆星
odi7,龍涎香港茶,"乾炒牛河好吃不死鹹，鮮蝦腐皮捲也紮實酥脆，例湯的確也香，內用茶水也都會補，一切都不錯。

這幾樣口味都是好的，唯獨就是價格高了些。其他一切都好。",4 顆星
odi7,龍涎香港茶,偶爾想要吃吃不同味道的料理，不是日系，就是港式居多在今天順路，剛好可以吃到好久沒有吃到滑蛋蝦球燴飯。,5 顆星
odi7,龍涎香港茶,跟家人去時失心瘋點了超多，覺得整體這樣吃下來，除了甜點會膩外其他都很好吃~而且跟很多港式比起來已經算比較便宜了，CP值很高！上菜速度也很快,5 顆星
odi7,龍涎香港茶,"港式料理名店，即使店家很忙但服務其實滿親切的，座位很多但是尖峰時段還是會做滿可能要等一下。
地點位於南京復興捷運站一出來就到了，交通非常方便。食物的部分其實很驚艷，撈麵跟腸粉都好吃，甚至一個蠔油青江菜都讓人覺得吃起來很開心，頗適合跟朋友聚餐。
最後要提醒付費方式只有現金，無法刷卡或行動支付哦！",5 顆星
odi7,龍涎香港茶,"每樣都很好吃，第一次在台灣喝到好喝的鹹檸七，除了法蘭西多士太弱，點的是花生口味，跟我在澳門吃的差太多，花生太少太乾，也因此口感不太好！
現在是防疫期間，噴灑酒精 我能理解，但是風在吹～然後整個酒精濃味撲鼻而來！我並不想用酒精當配菜，再來就是我們剛坐下，就一直來問要點餐嗎？ 不同人來詢問三次，能給個幾分鐘看菜單嗎！
這間的餐點真的好吃，我們也喜歡會再訪，以上敘述的問題，扣一顆星 給4顆星星",4 顆星
odi7,龍涎香港茶,"不知道為什麼……總覺得這家香港茶水攤，感覺特別親切……
因為菜單很有港式飲茶餐廳的感覺
因為狹窄的餐廳空間也很香港味
因為港式點心，燒臘，公仔麵，腸粉……不僅看起來很港式，就連味道也是和香港味一同
不過……價格和份量就是臺灣行情囉！
以前曾經帶過香港朋友來用餐，讓香港朋友感受一下臺灣港式茶餐廳的氛圍，沒想到香港朋友對於餐廳的乾淨環境和服務人員的親切感讚賞不已，再加上熟悉的故鄉味，讓許多香港朋友特別喜愛來此用餐，也讓我這個道地臺灣人可以以此推薦，彼此分享港式料理的心得，一舉兩得！
香港茶水攤……餐點相當多元，可以每趟都嘗試不同的餐點，以後應該更會樂此不疲的常常過來用餐！",5 顆星
odi7,龍涎香港茶,送餐快，餐點味道也合理，但服務人員反應有待加強，入機時入錯以致送錯餐點卻沒有積極主動要重做，而是一副等我們原諒並收下的樣子，用完餐下樓時家人還被3位聊天的服務員擋住了通道需要被提醒，以上，希望能加強服務品質,3 顆星
odi7,龍涎香港茶,"家人吃到叉燒酥有不好的味道向店家反應 直接從我們的盤子上拿去試吃？？事後態度也有夠差😵
東西沒有不好吃 但這個態度 不會再來了😆",2 顆星
odi7,龍涎香港茶,碗仔翅道地，店內還算整潔 但二樓空間較小。其他餐點也不錯，但味道都比較重。,4 顆星
odi7,龍涎香港茶,"今日帶家人去印象好轉，其中一位短髮女服務生好貼心，非常熱心介紹餐點，而且一直幫我們收拾餐桌倒茶等等。我們四個女生去吃了14道美食(鳳爪忘了拍)，各位有福啦！以下這些都蠻推薦的，不過說實在他們的點心類沒有兄弟大飯店的好吃喔。下面是我們票選出必點的:燒肉(脆皮豬)跟菠蘿鮮油包，這兩個真的很誇張好吃。而金沙黃金蝦球有驚豔到，不像一般的金沙炒蝦，這道是用炸的喔~看起來清淡，實際卻帶著濃濃的鹹蛋味，很有五星級的FU。奶皇流沙包也不錯，我之前是在犂園湯包館吃的(這家也超好吃)，湯包館的比較甜，而茶水攤的鹹蛋味更重。以上就是我的評論，希望有幫助到大家。

PS.有時候他們服務態度差也是一種效仿香港當地的特色，就別太介意啦 ！",5 顆星
odi7,龍涎香港茶,"是一家生意非常好的港式茶餐廳。

是香港朋友帶我來這家店用餐，香港朋友也推薦的餐廳選擇。

有收服務費，也有提供不只一道的素食餐點可以選擇。

這天用餐遇到的店家服務人員很熱心，貼心告知看似可素食的小點心不適合點餐，服務費覺得給的很值得。",5 顆星
odi7,龍涎香港茶,"二和三樓都是座位，服務人員親切帶位點餐
菜單品項超級多，選擇障礙的人要研究一下才有辦法點餐XD
本次用餐點了一飯一麵一點心一甜點，都滿好吃的沒有踩雷，價格偏高
臘味蒸飯(145) 一般店家的臘味蒸飯都會把臘腸切成薄片舖在飯上，但這邊是直接附一整條臘腸和肝腸，僅從中切一半讓你自己配飯咬著吃，總量比切薄片來的多，另有附一小碟青菜。比較可惜的是飯沒有臘腸的香氣，有點像把臘腸蒸好再放在白飯上，而不是兩者一起蒸
沙爹牛肉炒公仔麵(165) 味道和口感都不錯，牛肉也滿多塊
鮮蝦腐皮捲(120) 皮酥，內餡有韭菜味
楊枝甘露(118) 送上桌先被碗底的乾冰吸引，符合色香味俱全的一道甜點，芒果味非常香濃，吃起來很有層次也不會過甜，芒果控必點！",5 顆星
odi7,龍涎香港茶,"餐肉煎蛋公仔麵（乾） $160×1.1=$176
餐肉的味道我還蠻喜歡的
整體來說是好吃的麵
只不過價格我覺得有點高
裡面的料就很簡單而已",4 顆星
odi7,龍涎香港茶,偶爾想吃港式會光顧的茶水攤，有越來越多港式料理的選項比較後覺得沒以前覺得那麼好吃CP也不高了，不過XO醬蝦球撈麵蝦子一樣大一樣Q彈，揚州炒飯份量蠻多的但是料就還好，鮮蝦腐皮捲吃得到完整的蝦子這道要趁熱吃外皮很酥脆，薑蔥牛肉煲單價高不過牛肉給的不算少，平日午餐店員蠻多的態度也不錯，生意很好晚來會需要併桌，有商業午餐但是沒有便宜多少。,3 顆星
odi7,龍涎香港茶,"xo醬撈麵好吃給過
點心部分推燒賣跟西多士
腐皮卷有個很重的韭黃跟菜味
總匯三文治就不用點了 去早餐店點就好
另外不解的是他礦泉水要90不知道是不是真的很高級",4 顆星
odi7,龍涎香港茶,我大概幾個月就會會去吃一次 持續10年左右 ，最近去吃 原物料東西上漲 所以餐點漲價我能接受？ 餐點品質味道跟以前落差太多你們自己的人有吃過嗎？反正我以後是不會再去了 餐點份量也嚴重縮水 店裡面坐滿了人，還不開空調到底是怎樣？？熱得要死？,1 顆星
odi7,龍涎香港茶,叉燒油雞雙拼飯不錯，加50元可以搭配飲料；蝦子蒸燒賣最好吃，鮮蝦腐皮捲口味比較鹹，糕點類豆沙芝麻球及蜜汁叉燒酥也好吃，甜點草莓奶酪超級讚😋 …,5 顆星
odi7,龍涎香港茶,"服務態度很好，入門先量體溫。
位置很多，帶位跟給餐都很快。
每一道都非常好吃 都很讓人驚艷！
很勤勞倒茶水！服務很棒！！",5 顆星
odi7,龍涎香港茶,跟香港口味有差距，但還是不錯吃,4 顆星
odi7,龍涎香港茶,"一樓是外帶區，內用要直接走樓梯上二樓，所以如果有老年人或殘障人士比較不方便用餐。
干炒牛河很好吃，味道不輸東區的波記茶餐廳，冰火菠蘿油拿到時，奶油太薄，已經融化掉了 很可惜！
法蘭西多士有點單薄，花生醬跟蜂蜜都不夠多，波記的比較大份，而且好吃很多，不過放在上面的奶油，茶水攤給的比較大塊。
三寶飯蠻普通的，來吃茶水攤點便當類的餐比較可惜，建議還是可以點個炒麵或炒飯，好吃很多。
服務人員都算親切，會主動幫忙倒茶水，有算一成服務費。",4 顆星
odi7,龍涎香港茶,"20221015:
還是一樣好吃

20220224 :
商業午餐還行，其他的一樣好吃

20220206 :
很久沒吃了，還是很道地的味道，好吃",4 顆星
odi7,龍涎香港茶,腐皮蝦捲、炸春捲、揚州炒飯、糯米珍珠雞、臘味北菇蒸飯、鳳爪、排骨、皆非常美味，服務人員親切有禮，下次還會再光顧,5 顆星
odi7,龍涎香港茶,喜歡三寶飯！謝謝你們幫我們醫院外送🙏,5 顆星
odi7,龍涎香港茶,"服務品質良好，不會態度差，比香港好太多了，口味也不錯，值得一再吃，份量非常足夠，兩個人不需點太多就很飽了。
店內環境很棒，放著廣東歌，有來到香港的感覺，衛生也不錯，上菜速度很快，不需要等太久，點餐到上菜不需要五分鐘。
主餐份量也是非常多，兩個人建議點一個再加一點點心就可以了，菠蘿油來兩次吃到最後都吃不下，一次取消點餐，一次打包，真的很飽。
價格部分也是屬於平價美食，以一般的港式來看，CP值超高，還可以用信用卡。
地點很適合聚餐，店面餐桌也夠大，足夠塞八個人的座位。
店內的窗戶也是做防火災的窗戶，足夠逃生。",5 顆星
odi7,龍涎香港茶,"點了一個鹹魚雞粒炒飯和一個菠蘿包，菠蘿包普通，炒飯也普通。
因為價格的關係，菠蘿包可以接受，但是炒飯真的不行，價值頂多90，雞粒和鹹魚完全吃不到，只有很淡很淡很淡的香味，要碰運氣的那種。整盤吃起來就像最無聊的蛋炒飯，蛋量還少於一顆🙃
這樣總共248，不會再來了。",2 顆星
odi7,龍涎香港茶,餐點中上。只是某個服務人員搞不清楚餐點該送到哪一桌，很突然的將餐點重放在餐桌上、發現送錯後一句話都沒有，又直接從桌上用力抽走。一頓飯發生兩次。,3 顆星
odi7,龍涎香港茶,"環境：擁擠（就跟香港一樣）
餐點：蠻好吃，各樣菜都有模有樣三分樣，尤其辣椒醬，跟香港的一樣，下飯好吃
凍檸茶也是用黃檸檬，蠻好喝
服務：算是友善
座位：我們兩人，安排至兩人座（非常小），我看隔壁是兩人坐四人座，還有兩人坐三人座，因為我們點的東西稍多，桌子很小，所以反應希望可以換到隔壁（四人座），因為他們已經吃完了。
得到的答案是...這時間都要併桌，所以無法讓你們坐四人桌，（但餐廳沒有滿座！）晚點要位子我再讓你們換！
這邏輯很奇怪？
放眼望去就是沒有滿座，如果我們一人只點一道菜，也不會反應希望換到隔壁四人桌。就是東西放不下不是嗎？
然後吃完我們就會走，是要多晚呢？等到吃完桌上沒東西了再換位子嗎？
終於。小姐勉為其難的幫我們換到四人桌了。
我們在20分鐘內迅速吃完！（我也很怕影響店家，因為我們東西點比較多，放滿桌子，讓別人不能併桌）
這20分鐘內...很多桌都是空的...也沒有滿。
我很能體會店家想要營造一種香港模式（擁擠狹小併桌），但在堅持之於，可以有點變通。
或許生意很好，也不希望你點太多吃的，一般盤炒飯，不用佔用太多座位空間。
東西不錯吃，但吃的不舒服..
以上",3 顆星
odi7,龍涎香港茶,"味道上很符合我在香港吃的感覺，
味道偏鹹，但份量與價格上的結合，
可能跟台灣價值有點背道而馳！
總體上來說如果懷念香港食物料理的感覺，
這間可以讓你懷念！
但如果帶著台灣的情懷，
或許台式的港飲較適合你！",3 顆星
odi7,龍涎香港茶,"點個菠蘿鮮油包，可以等個20分鐘以上，服務人員都在櫃檯前面討論，明天外場有沒有人上班。
觀感很不好",1 顆星
odi7,龍涎香港茶,"覺得cp值高！凍檸茶特別好喝
雙拼叉燒燒鴨覺得還好
公仔麵中庸
蝦籽燒賣很喜歡 吃得到肉塊 口味很棒不死鹹
魚翅餃也不錯 蠻特別的
菠蘿包好吃
蘿蔔糕很還好",5 顆星
odi7,龍涎香港茶,"覺得是全台北最好吃的港式料理
菜單太多樣 每次點不一樣的都有讓人驚艷的料理 原本不愛叉燒酥的我現在超愛他的叉燒酥 餅皮真的很多層 入口就酥化了 其他推薦的還有 奶皇流沙包 xo醬炒蘿蔔糕 燒臘三寶拼盤 芋頭西米露 腐皮蝦捲 說不完 太多好吃的了",5 顆星
odi7,龍涎香港茶,我算是這兒的常客，隔三差五就帶朋友、家人在此聚會餐敘，環境雖不算寬敞，但還明亮乾淨，餐點多樣化，且算是地道美味，但最近新一批的服務生，實在是差強人意，跟以前老一輩兒的不能比，嘻嘻哈哈、打打鬧鬧、晃來晃去的，清理桌面也不打聲招呼，一直中斷我們的用餐與交談，真的是直接扣一顆星…,3 顆星
odi7,龍涎香港茶,"口味很不錯啊，雖然不便宜但份量也不小，算是划算。特別蠔油芥蘭，吃過那麼多家港式就這家給的菜最大方（感動哭）。

只是剛入座時，擦完桌子後就有濃濃的抹布味，和老闆特別說了再擦一次才改善，為此小扣一分，除此之外都很滿意。",4 顆星
odi7,龍涎香港茶,餐點口味很不錯。就是份量少了點。,5 顆星
odi7,龍涎香港茶,"餐點雖然好吃，但位置都硬要讓客人數少的擠在一起欸，旁邊明明都沒人坐，我懂要預留，但也太小氣了吧，三桌客人數少的一起抱怨要換位置，結果都沒有要換的意思，只請我們坐進去一點
第二，老闆（灰頭髮男生）在某位女服務員點餐時拉她的衣角，兩人嘻皮笑臉打鬧，好像沒看過其他店的服務員是這樣
第三，老闆（灰頭髮男生）會不會被me too?看他拉另一位女生的手，滿親密的",1 顆星
odi7,龍涎香港茶,"服務費41元可以說是值回票價。
今天吃飯吃到一半，看著老闆在店內對人員大小聲、摔東西，最後還準備上演拳武行，完全是意料之外的演出呢，非常精彩，完全不預期到用餐還有這等享受，請問下一場幾點開演？期待下次再來喔！",1 顆星
odi7,龍涎香港茶,"開了這麼久的店都還沒來吃，今天總算來朝聖一下，炒的公仔麵味道十足，芥藍蠔油很大盤，炸雞翼不錯，波羅油一般，最後揚枝甘露一定要點一下，但忘了拍了!😅
生意依舊很好，東西也ok，真的是不錯的選擇喔！推薦大家! …",4 顆星
odi7,龍涎香港茶,家裡住附近，一年沒來了但是一樣好吃，蝦雲吞，腐皮捲非常驚艷，臘味炒飯非常好吃，推薦炒牛河，跟點心類。以前點皇家西多士是給叉子，希望以後也可以主動給個湯匙。要真的去過香港的人才知道有多懷念，但有些菜色我也不敢給太高評價就是了例如咖哩。份量不會多，好處是多點幾樣，壞處當然是吃不飽。所以並不常來，但是食物評價不錯。,5 顆星
odi7,龍涎香港茶,老闆愛理不理的，問他也不耐煩，環境污穢 有點噁心，也沒什麼禮貌,1 顆星
odi7,龍涎香港茶,"下午茶時間去，兩個人點了一份撈麵一份排骨蒸飯，一份腸粉一份雞翼。
兩個人吃很飽，主餐味道都很不錯，但點心小菜真令人失望，尤其雞翅毫不出色，但兩支就是100元",3 顆星
odi7,龍涎香港茶,"豬排飯蠻好吃的，湯麵有點弱，點心類味道還可以，不過腸粉跟印象落差有點大，是用煎的，上面還有加了含花生醬的醬料，不是蒸的，覺得味道不是那麼習慣。
用餐環境擁擠，有提供茶水，一份主食大約145，點心約90元，要加一成服務費。",4 顆星
odi7,龍涎香港茶,"煲飯、叉燒飯的肉跟飯都很入味
腐皮卷皮脆蝦肉餡扎實
煎蝦米粉腸口味很特別
叉燒酥比較普通
奶茶的香味也很夠不會死甜
蝦餃煌中規中矩
廣炒的蝦仁有剔除腸泥感覺得到店家用心",4 顆星
odi7,龍涎香港茶,"東西好吃、座位舒適服務好
適合跟朋友、家人吃飯聊天
推薦👍👍👍👍👍",5 顆星
odi7,龍涎香港茶,"東西很好吃，有收服務費，但服務卻很普通
旁邊桌子的客人打翻飲料，服務人員看了一眼後完全沒處理。
坐在窗戶旁冷氣不足很熱，詢問服務人員有無電風扇，店員離開後就沒有後續回應
餐具不算乾淨，湯匙上還看的到黃色的咖哩殘渣",4 顆星
odi7,龍涎香港茶,"品項非常多～
口味不會太鹹，貴妃流沙球好吃！",5 顆星
odi7,龍涎香港茶,"咖哩湯麵（$140）味道夠魚蛋Q, 加上店家的辣醬更添風味。
凍檸茶（套餐+50）對我而言有點甜但那是我自己忘記告知要去糖😅

老闆（一位香港人，應該是老闆？）也頗注意到客戶的需求，整體的服務態度還不錯👍

會想要下次再來吃吃其它品項😃",5 顆星
odi7,龍涎香港茶,"一秒置身香港茶餐廳！
捷運站周邊分店多😃
從小到大吃到大，家人、朋友都喜歡的好滋味！
最喜歡的尤其炒牛河，不會太油或太鹹，希望我們大家都一起度過下一個20年！（一定要的）❤️
感謝餐飲業者的努力和付出，讓我們在工作之餘、非中餐時間、休假時間，都能在省荷包的前提下，吃到熱騰騰的好菜😊
撫慰我們的心和提升我們的能量☝️
繼續往前突破下一關！

#foodielifenini",5 顆星
odi7,龍涎香港茶,"總體：基本上都滿好吃的，不過因為港式口味偏比較重，較鹹也滿油。在港式餐廳就是要感受香港人動作比較急，可能會在你還沒吃完就想收盤子，盡量點快一點吃快一點～同桌有吃到頭髮，有幫忙退費（問有沒有要再點以為是要免費換別的菜 結果還是要付後點食物的價錢）價錢不便宜還有加10%服務費

餐點：
📌招牌飯 $160：三寶飯加三個菜，肉滿好吃的不過菜就有點太鹹
📌XO醬蝦球撈麵 $160：份量不算很大，配菜就是蝦球跟幾片青菜，口味滿好吃撈麵也滿入味，不過也是滿鹹，建議搭配清爽飲料
📌乾炒牛肉河粉 $165：河粉非常入味，牛肉份量算滿多的，吵起來很好吃（不過也是小油）
📌菠蘿鮮油包$55：上來的時候已經有點扁掉了，不是熱的，裡面不是塊狀奶油是已經融化散布均勻，整體來說滿好吃，奶油是偏鹹的吃完會負擔很重
📌港式蘿蔔糕（蒸） $199：很厚實的口感，很綿密很好吃，但也是會吃得出油膩感

飲料：
📌凍立克 $90：其實就類似麥芽牛奶，奶粉味很濃，很像克寧奶粉的感覺
📌利賓納什果冰 $90：因為套餐如果加飲料只要$50，覺得這個很划算！之前沒聽過也沒喝過，其實就是黑加侖汁+蘇打水，很清爽很適合，而且還有很多水果粒本人（鳳梨、芒果等），超推推推！！",4 顆星
odi7,龍涎香港茶,蝦球撈麵偏鹹但是超好吃，一進去就會立刻帶位服務很好不會被無視，店員阿姨也都是滿臉笑容、燒賣跟蘿蔔糕的還好，蝦餃超好吃的差點再點一次，蝦米腸粉很意外的是淋滿花生醬超級香！雪糕紅豆冰的冰淇淋也超濃的，很滿意已經二訪,5 顆星
odi7,龍涎香港茶,干炒牛河超好吃！！！燒賣就比較普通，叉燒酥的酥脆感有但餡可以更飽滿一些些，整體來說cp值不錯，會想二訪,4 顆星
odi7,龍涎香港茶,"1/20中午跟同事去聚餐，點了家庭套餐，東西味道還不錯，直到跟小姐要了一根吸管....
小姐拿過來的吸管上面有一隻活生生的蟑螂🪳，
跟他們說這個情況之後，隨即換了一根有包裝的吸管給我們，但是他原本的吸管架也不拿去消毒，看了完全倒盡胃口！
衛生的部分需要非常加強訓練！ …",1 顆星
odi7,龍涎香港茶,收碗盤的速度比添茶的速度快多了，碗裡還沒吃完不問就要收，是有沒有這麼急……性價比不高,2 顆星
odi7,龍涎香港茶,好吃，味道和在香港吃的差不多，服務人員態度好，也很勤快倒茶，唯一可惜價錢稍高。,4 顆星
odi7,龍涎香港茶,蛋煎的狀態極神，法蘭西多士和菠蘿油都非常到位，有跟在香港吃到的一樣，餐肉也煎的很讚。,5 顆星
odi7,龍涎香港茶,有港味。鮮蝦餛飩很脆口（蝦仁）～米飯可以再硬一點會更好的。免費茶水加喝的到飽。現金交易，外加一成服務費。值得一試的店家。,4 顆星
odi7,龍涎香港茶,"第一次朋友帶我來，於是我愛這間店的
用餐環境還不錯。
吃起來是比較輕鬆自在的，座位也不會感覺很壅擠；
店員服務態度也還算挺親切熱情的。",5 顆星
odi7,龍涎香港茶,"這間店真的覺得很多料理cp很高
飲料其實都屬普通，但真的比較，好喝的是凍檸茶，鴛鴦普通
最推薦公仔炒麵，真的很好吃（不管海鮮牛肉口味都優秀）
蒸飯/肉蛋三文治別點...有點雷
有一個300元的鹹蛋蝦仁  好吃！
但真的偏貴了
三寶飯也不錯兒
會再回訪吃更多東西看看！",4 顆星
odi7,龍涎香港茶,"店員比他們的食物更港式😊
食物部分就還可以，不會生氣，但也不會讓你驚艷地要誇獎它，屬於想要跟朋友約吃港式絕對不會約這間，但如果剛好在附近，突然一個港飲魂發作的話，可以考慮的店。",4 顆星
odi7,龍涎香港茶,"店有3樓，一樓沒有座位，我們在2樓用餐。座位不是很大，但也順暢。第一次吃撈麵，蠻香的，麵細結實，附的湯柴魚加芹菜，好喝，燒鴨和油雞可能剛好是胸部所以比較澀，醬好，皮香。
果然飲點好吃，腐皮蝦，蝦仁彈牙，皮酥脆，原本不想點的鳳爪，真心推，入口皮骨分離，汁香甜辣，應該有蕃茄在內，好吃。鴛鴦飲第一口有咖啡和紅茶的澀感，加了糖後，整個絲滑，好喝。
兩個人這樣就很好了，隔壁桌點了芒果酪，一陣白煙，很好看，下回也來點看看。港式餐廳，蠻好吃，服務人員很週到，加水收盤很勤快，是服務水準蠻好的店，南京復興，交通也很方便，有機會經過來嚐嚐。
#飲茶
#鳳爪",4 顆星
odi7,龍涎香港茶,這間是港式料理的經典，乾炒牛河河粉香牛肉嫩，豬扒飯也很經典，好吃！,5 顆星
odi7,龍涎香港茶,"公仔麵很香，有點辣，份量大。
炒麵爽脆，海鮮新鮮美味。
綜合咖哩拼盤也很好吃，可惜蘿蔔不夠入味。
煎腸粉很好吃！雋永的花生香。
流沙包奶香椰香十足，ok!
這間店很有水準，價格不算親民，
也要收服務費，但食物非常美味，
而且真的有（港式）服務～",4 顆星
odi7,龍涎香港茶,東西都很道地有一定水準，下午沒有休息，是錯過午餐時間的好選擇，殘念的是每次都點不到燒肉😂 …,4 顆星
odi7,龍涎香港茶,"初次到店經驗
疫情期間落實實名制、量體溫、餐桌隔板
餐點
⭐️⭐️⭐️干炒牛肉河粉
⭐️⭐️⭐️⭐️西多士花生口味，不死甜
⭐️⭐️⭐️⭐️肝腸蒸飯
⭐️⭐️⭐️⭐️奶皇流沙包
服務
收拾碗盤、遞茶水快速、點餐上菜有效率",4 顆星
odi7,龍涎香港茶,"牛肉炒河粉驚為天人的好吃
其他餐點算中規中矩
鳳爪沒有很入味有點小可惜

生意很好，能提早到就提早到
大概七點左右有些品項已經賣完

整體都蠻ok的
唯獨服務生點菜點到一半
就開始跟旁邊的服務生尬聊⋯
要點不是要阻止也不是",4 顆星
odi7,龍涎香港茶,常常會幫忙加茶非常貼心，但沾吐司的楓糖老闆好像沒有問是否還需要就收回去了XD比較介意的是杯子漂白水的味道比較重，喝茶的時候會有點感覺,5 顆星
odi7,龍涎香港茶,餐點很好吃，只是體驗了一下港式的點餐方式，主餐加飲料50元，之後加點就變原價，下次得記得一開始就點飲料😂 …,3 顆星
odi7,龍涎香港茶,"服務品質相當良好
豬扒飯的肉醃製的恰到好處，肉筋處理的很棒，
吃的時候可以沉浸在柔軟的肉感當中，就算牙口稍微不好的人也可以享受吃肉的舒適感，醬油的甘甜也是提升整體味道的靈魂之一。
叉燒滑蛋燴飯的叉燒肉蜜汁入味，搭配爽口的滑蛋燴飯整體搭配起來的口感很有層次，滑蛋一口接一口讓人停不下來。",5 顆星
odi7,龍涎香港茶,車仔檔是咖哩味的湯麵，魚蛋牛丸豬皮蘿蔔的組合很香港，價位也不高。腐皮卷飽滿蝦仁內餡之外有加如韭菜，口味獨特。,5 顆星
odi7,龍涎香港茶,"餐點的種類繁多，各式甜品皆有，熱炒和煲仔系列也包含，可惜服務生有點不專心，親眼看見他桌客人喊了服務生5次，結果服務生在專心看自己的指甲......；其中一位服務我們的服務生看似不是本國人，點餐的表情很不甘願、無神，還漏點......。
蝦餃的麵皮有點厚；鳳爪肉很軟，骨頭容易咬斷，牙齒較不好的人或年長者也可以吃這道；蒸排骨有點難咬，肉質稍硬；流沙包內餡的蛋黃和奶油比例剛好，只是包子皮也蠻厚的，內餡的量也因此較少；海鮮公仔麵蝦殼沒撥乾淨，這只是小疏乎，畢竟餐廳師傅是要製作大量餐點；魚子燒賣很讚👍吃了很多家燒賣，這家燒賣稍微大一點點，整體餐點還是很棒的。
洗手間也很衛生哦！",3 顆星
odi7,龍涎香港茶,"第二次來吃
滑雞煲就是讚
碗仔翅就是香港人回憶的味道
干炒牛河，炒得很鍋氣
其他必吃的，就是燒賣蝦餃~
炸春捲就跟香港比較不一樣，我個人比較不喜歡",5 顆星
odi7,龍涎香港茶,"茶水攤算是在台北立足最早的茶餐廳，
二十年前，當時的茶餐廳並不多見。
不像現在茶餐廳林立，品牌眾多！
這裡的煎腸粉是我的最愛，
腸粉外皮煎的焦脆，
再淋上麻醬和醬油，
是非常道地的香港小吃。
吃腸粉少不了來碗粥，
皮旦廋肉粥，我個人覺得是超搭的，
美中不足是少了油條，
若能加上油條，就稱的上是完美的組合了！",5 顆星
odi7,龍涎香港茶,非常好吃經濟實惠，非常適合下午茶或者是正餐，他們家東西很好吃一點都不普通，服務人員態度親切👍🏼👍🏼👍🏼👍🏼 地理位置很方便建議大家來一定要點很多 …,5 顆星
odi7,龍涎香港茶,"干炒牛河好吃 鍋氣足 牛肉醃的好
鴛鴦奶茶不是特別好 但還不至於難喝
煎蘿蔔糕味道跟口感都稍差一點

餐點還不錯 但櫃檯服務人員態度不知道是在差幾點的 我好好的態度對他 他找錢用扔的 講話一副不屑樣 看來多少有點大病",2 顆星
odi7,龍涎香港茶,非常糟糕的用餐經驗，一直上錯菜就算了，還沒用完餐，連問都沒問就直接收走，拼翻桌率趕客人的行為讓人很不舒服，去一次就不想再去,1 顆星
odi7,龍涎香港茶,"菠蘿油比較普通，好好味的菠蘿油比較好吃，
三寶飯和奶茶很到道地！滿足了現在無法去香港的心情～
可惜沒吃到脆皮燒肉，已經賣完了。",4 顆星
odi7,龍涎香港茶,"原本想說假日人潮應該比較少
結果一點也不
人潮一直不間斷
餐點雖然價格有比以前調漲
但品質還是和以往一樣
餐肉豬排蛋飯必點
好吃",5 顆星
odi7,龍涎香港茶,"複製香港茶餐廳的營運模式，沙發椅的座位，多樣化的茶點，香港代表性的點心和飲料。
地點在辦公大樓附近，用餐時間總是很多人，熱門時段需要花時間排隊入場，雙拼的燒肉鴨，燒肉金黃酥脆的外皮像極了餅乾的口感，不過鹹的調味，算是非常好吃，鴨肉也是肉汁豐盈。撈麵系列也是口感扎實，蝦肉飽滿不鬆軟，飲料也是跟香港喝到的差不多，總之是一家極富正宗香港味的餐廳。至於許多人提到的服務品質，當然也是跟香港一樣啦！",3 顆星
odi7,龍涎香港茶,"下雨天想來點熱熱的喝
簡單點杯奶茶和碗仔翅
奶茶還是我喜歡的港式風味
碗仔翅的料少了印象中的豐富覺得有點空虛",4 顆星
odi7,龍涎香港茶,"XO醬蝦籽蝦球撈麵
香港的撈麵對我來說就像是台灣的炒泡麵，但麵體比較彈性，XO醬蝦籽蝦球撈麵有五大隻的蝦球，XO醬的鮮味十足、微辣，吃起來很過癮，蝦球每一顆都飽滿Q彈，很可以。
港式牛腩湯麵
不同於重口味的台式紅燒牛肉麵， 撈麵爽口彈牙，配上燉煮入味的滷牛腩，色香味俱全，難怪為經典之一。
鼓汁蒸鳳爪
我最喜歡的港點之一，本是一道漢族的地方名菜，但做成小點非常適合1-2人獨享，蒸的熟燙的鳳爪一入口就骨肉分離，吃起來完全不費勁，三兩下就一掃而空了。
蝦籽蒸燒賣
有點帶筋豬肉餡被廣東雲吞皮包覆起來，加上蝦籽作為點綴，也是來茶餐廳必點之一，皮薄肉鮮的燒賣，一口一個，太滿足了啊!!
冰奶茶
對了…來茶餐廳不喝港式奶茶喔!!濃郁順口，甜度超正點，即使加入了冰塊也不會稀稀水水的，必喝。",4 顆星
odi7,龍涎香港茶,真的是因為看了康熙來了所以來朝聖這個總匯三明治！搭配阿華田真的好特別！沒試過的都鼓勵可以來試試！真的會有回到童年吃早餐店的那種回憶🤣🤣整體不錯價格也合理！不到驚艷但如果經過或朋友想吃茶餐廳我會想到這家店 …,4 顆星
odi7,龍涎香港茶,"第一次吃到皮蛋瘦肉粥135$
料跟粥是完全分開
需要自己手動拌在一起
單吃粥體仍有一股清白粥味
源X 林還比較棒",1 顆星
odi7,龍涎香港茶,"蜂蜜芥末豬排包是這次最好吃，麵包熱熱的有口感，整體搭配不錯，價位跟其他餐點比CP值很高。
三寶湯河粉，覺得普普通通，跟一般燒臘店吃到無特別之處。
另外蘿蔔糕跟咖喱綜合（裡面有魷魚、炸豬皮、魚蛋跟蘿蔔）也是普通。
不排斥再來，但應該也有更好吃的港式餐廳。",4 顆星
odi7,龍涎香港茶,"整體而言都蠻不錯的
腸粉用煎的是第一次吃到，上面淋的醬感覺有花生醬，很特別
撈麵跟粥料好實在，口味都不錯
奶黃包、叉燒酥也好吃，叉燒酥熱熱的吃不會感覺很油膩，喜歡奶黃流沙包的內餡，吃得到鹹蛋黃的味道
甜點的部分就稍嫌普通了，但也不會不好吃
上餐速度蠻快的，生意也不錯，價位蠻合理
不過菜單很豐富，不太適合有選擇障礙的人",4 顆星
odi7,龍涎香港茶,"蠻地道的港式
奶油豬蠻脆的
不過炒飯的是台灣米 比較軟
但整體還不錯～",5 顆星
odi7,龍涎香港茶,"普通🥺CP值不太高，價格也貴。
雖然不知道是不是我點的東西，但我覺得茶餐廳的特色沒有😬（有吃過正宗港澳料理，當然不可能一模一樣這是一定的）

感覺有些小店口味還比這邊更道地一點😅
吃完有一種我其實可以去別的台式餐館就好的感覺🤭",3 顆星
odi7,龍涎香港茶,奶茶、鴛鴦比香港的翠華茶餐廳好喝多了，臘味蒸飯也是比現在普遍的香港酒樓好吃，豉油王牛肉炒麵，牛肉嫩滑大塊，炒麵夠火喉，店員有禮貌，確是5星級的港式茶餐廳。,5 顆星
odi7,龍涎香港茶,番茄牛肉燴飯不錯吃但分量少，白飯很乾硬，芋頭西米露碗下面放乾冰很多餘，吃個簡餐還要加收10%服務費，總之CP質不高價格又很貴的餐館。,3 顆星
odi7,龍涎香港茶,"今天中午同事訂餐外送
點了XO醬海鮮炒公仔麵
一般這種炒麵吃到最後都會稍油算正常
整體而言味道不錯
但蝦仁有別與自己去市場買來剝的蝦仁
口感是Q的那種
花枝切薄片炒口感軟嫩好咬不會硬
同事說蘿蔔糕好吃但外送當午餐三片$90感覺小貴
如果是在店裡內用餐點算平價",4 顆星
odi7,龍涎香港茶,每日特餐有包含飲料，覺得滿划算的，麵的口味還不錯，鴛鴦奶茶也不錯，但是覺得菠蘿油還好，跟在香港，東莞吃到的有一段明顯差距。但整體而言還是不錯的！,4 顆星
odi7,龍涎香港茶,東西很道地，辣椒醬也是從香港運過來的，希望不要太多人來🤣🤣,5 顆星
odi7,龍涎香港茶,口味較一般茶餐廳感覺起來是道地的。芥蘭菜的梗雖然略粗，但咬起來是爽脆不硬，並且保有水份，因此吃到最後還是覺得爽口好吃。福建炒飯是第一次吃到，很令人驚豔，醬汁濃厚但不鹹，搭配起炒飯的口感很剛好。草莓燉奶為這頓飯最後畫龍點睛，一端上來時乾冰直冒真的很有趣，酸甜的滋味，也畫上了完美的句點。另外兩道菜，蝦仁冬粉好吃但有點略油，炸魚則味道有點不夠。這家餐廳的服務品質是讓人滿意的，服務人員隨時都會幫忙加熱茶，彌補了菜很容易冷掉的缺失。會再訪的餐廳。,4 顆星
odi7,龍涎香港茶,餐肉豬排飯超好吃，豬排很嫩，凍奶茶的必點，內用上二樓會量體溫，送餐快，服務還不錯！,5 顆星
odi7,龍涎香港茶,服務佳，餐點都不錯吃。推薦金沙蝦球，椒鹽排骨，鮮蝦腐皮捲，咸寧七，利賓那，沙爹牛肉公仔麵。,5 顆星
odi7,龍涎香港茶,"服務態度很好！
平日如果在附近上班時可以去吃當午餐～",5 顆星
odi7,龍涎香港茶,"原本想跑去吃肯德基的，
但想說還是別吃炸的，所以改吃旁邊這家，
結果……看下去就知道了🤓🤓 #福建炒飯 我自己覺得還不錯，雖然多少有些重鹹，但比我之前吃的好吃一些。😎
#流沙球 有點糟糕 炸的有點過，而且流沙只有中間一些，咬了兩三口才吃到😱

感覺沒有比肯德基健康到那裡🤔🤔🤔 #光與影的日記
#taiwan #taipei #中山區 #南京東路
#food #foodie #中山區美食 #南京東路美食
#餐廳 #港式飲茶",3 顆星
odi7,龍涎香港茶,中午套餐加飲料，飯吃一半點飲料，說這樣就要變成單點飲料價格，覺得很不合理，因為我們未結帳，也有被收取服務費，香港口音的店員服務態度非常不好。,1 顆星
odi7,龍涎香港茶,"菠蘿油好吃
炒飯很濕
服務很好很快",4 顆星
odi7,龍涎香港茶,每一道都好好吃！！是我跟老公的愛店🥰 點了六樣全部才$861，超棒！今天三樓服務的小姐服務也很好，讚讚👍 …,5 顆星
odi7,龍涎香港茶,幾乎每週都會吃一次。就這樣吃了7年⋯不變的味道。老闆是香港人～👍🏼 …,5 顆星
odi7,龍涎香港茶,吃了1000一下子叫我換位子，一下又想叫我們快走，老闆一直過來看，東西難吃服務差，還有臉要服務費，真的是誇張，第一次吃就打槍，當踩到地雷！,1 顆星
odi7,龍涎香港茶,服務態度很好，餐點也不錯吃😋,5 顆星
odi7,龍涎香港茶,朋友點豬排炒公仔麵，裡面有一公分多長的鐵片，吃到嘴裡差點劃破口腔，請大家要食用這家餐廳的餐點時候要小心一點，這個真的太扯⋯⋯,1 顆星
odi7,龍涎香港茶,"推！
價錢相比其他家 真的CP值頗高
第一次看到餐點如此多樣豐富 也很多特色的香港餐點 沒在其他家看過
口味我也覺得好吃
服務也推推！",5 顆星
odi7,龍涎香港茶,真的有像到香港用餐的樂趣，凍奶茶相當夠味，也推荐法蘭西多士+蝦籽蒸燒賣!!,4 顆星
odi7,龍涎香港茶,不就點了一碗麵，外帶要等30分鐘！店裡面用餐的人從還沒開始吃到，已經快吃完，我還沒拿到，就你們很忙，我們的時間都可以浪費,1 顆星
odi7,龍涎香港茶,"我覺得港點挺普通
今天吃到最好吃的應該是蜜汁叉燒蛋飯
蝦米腸粉蠻特別 是脆的 外面竟然加花生醬 有點嚇到～
服務人員態度不是很好 點餐的時候講話根本聽不清楚",3 顆星
odi7,龍涎香港茶,"7/28更
對孕婦很不友善要縮腹還要護著肚子墊腳走才有辦法入座他們安排的兩人位
不是說一定要安排大位子
但在預約的時候就有事先報備
至少安排走道比較寬敞的兩人位吧

————————————————————

餐點要挑著點不是每道都很ok
菠蘿鮮油包跟煎腸粉還有煎蘿蔔糕很雷
送上來的時候裡面奶油完全融化菠蘿也不酥
煎腸粉讓你知道他們油完全沒在省著放的
港式奶茶奶味超重喝不到茶香味完全輸新港
港點大致上還不錯",2 顆星
odi7,龍涎香港茶,"昨天喝的雪梨例湯超正點！滿足我懷念煲湯的心！！很入味，老火燉煮！讚翻了。
#星洲炒米 #例湯",5 顆星
odi7,龍涎香港茶,餐點是還可以，但應該不會有下次了，已經電話預約了，然後到現場還是要再登記排隊，預約電話是打辛酸的？,2 顆星
odi7,龍涎香港茶,凍檸檬茶很好喝，服務很快速，上菜也很快速，餐點好吃，感覺很飽份量很夠。有港式飲茶也有菠蘿麵包，你想要的香港餐點，這裡都有👏 …,4 顆星
odi7,龍涎香港茶,"想點羅漢素河粉 店員說沒有吃素的話 可以點牛河 還有蛋跟菜 什麼的。 結果來了一盤 什麼都沒有的河粉 沒有蛋 然後超油膩
如果想 不出國就體驗香港飲食文化 可以來
態度跟香港的差不多
不過加茶水倒是很勤",2 顆星
odi7,龍涎香港茶,咖哩口味不錯，煎蝦米腸粉搭配含花生醬的醬料令人印象深刻。XO蝦籽蝦球撈麵很重口味。店裡沒坐滿但不斷來收桌，用餐頗感壓力。,3 顆星
odi7,龍涎香港茶,XO醬蝦仁撈麵好吃，蝦仁新鮮彈牙！三寶飯的燒鴨皮很香脆好吃。整體偏貴還要加1成服務費,4 顆星
odi7,龍涎香港茶,"吃了滑蛋牛肉燴飯、鳳爪、蝦餃皇和煉乳法蘭西多士。
滑蛋牛肉燴飯不難吃，但我有點不習慣吃到一半出現蘑菇的味道。
鳳爪蠻不錯的，有辣度。餃皇普通。法蘭西多士蠻ok的，但有吃過貴一點點更好吃的。
最大的缺點應該是杯子有個漂白水的味道。",4 顆星
odi7,龍涎香港茶,點心蠻好吃的，福建燴飯是炒飯再淋上燴飯醬汁，吃起來還不錯,5 顆星
odi7,龍涎香港茶,"@餐點：

蜜汁叉燒煎蛋飯(半熟蛋)(160)+凍檸茶(90)+服務費(10%) = 275
熱茶(服務人員會幫加)。

＠評論：

價格偏貴。
比較適合點多人一同分享的菜，吃不完可以打包。
內用的話，直接上二樓，請服務人員安排帶位。

蜜汁叉燒煎蛋飯。
除了蜜汁叉燒、煎半熟蛋，還有不少的菜脯、青江菜和少許醬汁。
味道算是普通。飯量蠻多的，可以注意一下比例，避免吃到後面，都是單吃白飯。

凍檸茶。
上桌後，建議靜置一下，讓冰塊降低整杯溫度。
喝得時候，記得利用湯匙擠壓裡面的四片檸檬，增添風味。
整體不會太甜，算是好喝的。

熱茶和凍檸茶，偏微澀。如果喜歡甜甜的，建議可以點華田或雪糕紅豆冰之類的。",4 顆星
odi7,龍涎香港茶,港點類的鮮蝦腐皮捲跟蜜汁叉燒酥好吃，魚翅餃的口感跟閒聊有點怪。臘味炒飯也還不錯。,4 顆星
odi7,龍涎香港茶,"送餐的小姐人蠻OK，但結帳的先生態度超差，講話有口音，聽不清楚，請他講一次還不耐煩😑
食物部份，我點的是波羅油，我覺得還好耶，就是加熱的麵包",1 顆星
odi7,龍涎香港茶,沒什麼驚艷有經過想吃港式可來！,3 顆星
odi7,龍涎香港茶,今晚和朋友約在茶水攤，餐點好吃又不油膩，還有坊間吃不到都港式料理，甜點還有小巧思，先不洩密。總之，我們都很喜歡❤️服務人員玉雪很親切，還説所有餐點、甜點都是他們自己做的。最特別的是 整家店人員都很親切，就像自己家的鄰居一樣，不像道地香港人開的店😆和朋友都有再訪的意願❤️ 一家店開很久很久真的是靠實力的唷～ …,5 顆星
odi7,龍涎香港茶,"喝完茶發現杯子上有一個明顯的口紅印，但我根本沒擦口紅，可見是上一位客人的…筷子也黏黏的感覺沒洗乾淨，衛生上真的非常需要加強
XO醬炒蘿蔔糕，也沒吃到醬的味道，就只有乾辣椒，不知道是不是港式的XO醬跟台式的不同？",2 顆星
odi7,龍涎香港茶,"多次來訪，距離捷運站非常近，地點醒目。
口味整體很不錯，也很有香港茶餐廳的節奏感，很急請你點餐，很快上菜，你一吃完秒收走，哈哈哈哈哈，差不多是他想馬上翻桌的概念，就看你是否喜歡這種節奏了！
今天點了炸春捲，口味很神奇，也算好吃，但配了類似越式的醬料，這道不是很港",4 顆星
odi7,龍涎香港茶,叉燒酥、蝦子燒賣好吃,5 顆星
odi7,龍涎香港茶,菜單豐富種類多，福建炒飯很推！料多好吃。脆皮燒肉也很棒，皮酥肉嫩！但甜點比較普通，有待改進。,4 顆星
odi7,龍涎香港茶,點餐的那位服務生態度不是很好，可能店裡生意太好了，不過我們11：30到的，還沒什麼人，一開店就這樣真的是很無言，蘿蔔糕的味道很怪（類似冰箱味），只吃了一口，其他都一般般，不會想再去第二次了,2 顆星
odi7,龍涎香港茶,疫情期間第二次點茶水攤，慶幸餐點價位沒變，份量也沒有偷工減料，而且外帶包裝整齊。更貼心的是，在Uber Eat上點的西蘭花售罄，UberEat 員工打來詢問更換意願，我們更換蠔油生菜之後，店家還很貼心送上一份甜點！疫情期間天天點外食，店家送上的不只是美食，更多了一份溫暖！,5 顆星
odi7,龍涎香港茶,"服務員態度點菜的態度很熱情
蝦球撈麵好吃
甜點西多士我覺得最滿意
但是蘿蔔糕普通
建議可以加點套餐，蠻划算的

男生吃很飽，每人大約500左右～
有點主食，甜點，飲料跟點心",5 顆星
odi7,龍涎香港茶,燒肉皮很脆非常好吃，燒鴨還可以一般。河粉吃起來很硬，不OK。很多道地的港式餐點。尤其飲料做得很好。,4 顆星
odi7,龍涎香港茶,這一家茶水攤港式點心位於台北市的南京東路三段218號，他是港式的點心類的餐飲，提供各式港式料理的餐飲店。有各式各樣的港式炒飯 炒菜 點心 什麼都有。個人很推薦，而且蠻好吃的！價格算中間不貴也不便宜。可是料理的很好吃！個人推薦。有路過的朋友們可以來吃吃看,5 顆星
odi7,龍涎香港茶,乾炒牛河一份180元，味道稍微鹹了一點之外，味道是好吃的。,4 顆星
odi7,龍涎香港茶,"今天帶著朋友一共7位來用餐，被告知要稍等一下，回到一樓坐著等候，過了沒多久有一組也是7位的客人，似乎是老闆的朋友，兩個人講了幾句話之後該組客人兩分鐘內就被帶上樓了？
所以來貴店用餐是靠關係才能吃到嗎？未來不會建議身邊朋友遠道而來用餐。
感覺超級差👎👎👎
——
老闆回覆後更新！
一開始人確實沒到齊沒錯但第二組客人來之前您有再來詢問一次人數是否到齊，我們說到了！因為等候區位子不夠，另外三位朋友是在外等候😊
況且第二組客人一開始是女生先來詢問，您也親口告訴該位客人，前面還有一組客人也在等位子要請他們在稍後，爾後，有另一位男子進來在樓梯口跟您攀談幾句，您上樓約兩分鐘後就招呼該組客人上樓，那請問我們坐在一樓等的客人是⋯⋯？^_^

對了，順便補充一下！我本人也是從事餐廳服務業，卻從來沒有隨意更動候位順序造成客人損失，這是餐廳服務業應該要有基本的概念。",1 顆星
odi7,龍涎香港茶,"XO醬海鮮公仔麵必點，微辣吃起來又香又鮮
腸粉是煎炸後淋上花生醬口味，很特別
但燒臘類餐點的肉和菜都是冷的",4 顆星
odi7,龍涎香港茶,"綜合咖喱裡面的豬皮泡到軟軟的很噁，
鴛鴦偏酸不是很喜歡，
服務滿好的會一直來加茶收餐具。",3 顆星
odi7,龍涎香港茶,"XO醬炒海鮮公仔麵每次吃都覺得很好吃，鮮蝦腐皮捲也很不錯，許多臺灣的香港茶餐廳這道菜味道都很普通，或稍油，而這家的腐皮捲可以在我吃過的店中排前兩名。另外一提，港式芒果布丁滋味也不錯，口感別於一般布丁。
不過，香港茶餐廳價位向來不低，只能偶爾吃吃啊！",4 顆星
odi7,龍涎香港茶,跟朋友二人用餐完都肚子痛不舒服，蘿蔔糕非常油膩，不推，用餐環境偏髒，不會再訪,1 顆星
odi7,龍涎香港茶,"點餐超過25分鐘才上了杯奶茶
其他也是30分後才上來的時候都沒有客人
和延吉店的服務差異性很大",1 顆星
odi7,龍涎香港茶,以前上班很常來吃，還是一樣好吃，老闆娘很親切，推薦👍🏻👍🏻👍🏻👍🏻👍🏻👍🏻,5 顆星
odi7,龍涎香港茶,雪菜米同碗仔翅好食 下次再去幫襯,5 顆星
odi7,龍涎香港茶,明明還有很多空位，跟店員說一位要內用跟我說不能接已經滿了！？睜眼說瞎話。價位跟其他間比也不便宜，不想招待一位的客人就直講，在香港吃茶餐廳感覺也沒這麼差。,1 顆星
odi7,龍涎香港茶,"服務態度ok
港式牛腩湯麵的牛肉很嫩 不錯吃
奶茶茶味跟煉奶味都偏淡
覺得最大敗筆在於菠蘿包不好吃
感覺放有點久 乾乾的",4 顆星
odi7,龍涎香港茶,特地點用我很懷念的港式咖哩牛腩飯，味道OK，但牛肉乾柴且硬 。。。以茶餐廳來說，服務算不錯，但老闆是標準香港人，沒什麼親和力。,3 顆星
odi7,龍涎香港茶,多數餐點都很棒，西多士有點像用炸的比較可惜，稍微油了一點,5 顆星
odi7,龍涎香港茶,單點價格在一兩百左右，有收10%服務費，菜單上的炒麵是廣式的那種，營業時間到蠻晚，旁邊就是捷運站，交通位置種很便利，蠻適合與三五好友坐下聊天,4 顆星
odi7,龍涎香港茶,飲料好喝，整體港點水準以上，甜點也不錯吃。,4 顆星
odi7,龍涎香港茶,叉燒肉本身還可以，但是飯煮得很不好，太濕整個黏在一起，叉燒酥味道普通，凍檸蜜好喝。,3 顆星
odi7,龍涎香港茶,"不確定是否跟香港味道雷同～～～
但咖哩牛腩真的好吃推！

服務生如同其他人評價的，
真的會一直想要幫你點餐，
但老實說加茶也加很勤快，
桌間距真的很小，
我都覺得我聊天的內容旁邊的人快要可以搭上話了！

咖哩牛腩飯的醬汁很下飯～～～
牛腩其實也給的不少塊，
夠軟嫩不會咬不動，
蔬菜也切大塊有甜味，
飯也不錯但是不太像是台灣米（是泰國米嗎？）
吃起來略乾但有口感，
這道重點就是醬汁（無誤）

現在是打卡可以打9折，
剛好折掉服務費比較不會這麼不划算的感覺～～～",3 顆星
odi7,龍涎香港茶,黯然銷魂飯！港式風味，過了20年，終於又喝到正港涷檸茶，可以嚐鮮試試。,4 顆星
odi7,龍涎香港茶,"第一次吃是來吃炒烏冬，普普通通，不怎麼樣。
第二次來吃餐肉煎蛋飯，有稍微被驚艷到，份量十足且夠味。
第三次來吃叉燒包和米腸粉，米腸粉意外地是淋芝麻醬，整體甜甜的，米腸粉外有炸過，適合當下午點心，當午餐有點吃不飽。",5 顆星
odi7,龍涎香港茶,"2/7 店內用餐
推薦
煎蛋牛肉蒸飯＋原味法蘭西多士
用餐時段高朋滿座，翻桌率非常高
服務還行，一直來加茶水和收盤子也沒有趕客
雖然價位稍高，如果想吃港式餐點的話還是會考慮再訪。",5 顆星
odi7,龍涎香港茶,"接電話的耍人，打電話確認2位1點說有位子，到現場說沒位子他也沒辦法？
現場老闆還回：就當我們耍你囉",1 顆星
odi7,龍涎香港茶,不算極差。結帳的臉色口氣俱差手腳慢 。 短短幾秒接觸就讓人不舒服。好本事,2 顆星
odi7,龍涎香港茶,"很港式……
讓你快快吃快快收走拼翻桌律～

凍檸茶走味了……
蝦餃＆蘿蔔糕只能說合格。",2 顆星
odi7,龍涎香港茶,"乾炒牛河好吃。
要加10%服務費。
這間比延吉街的好，包括餐點、送餐速度、服務人員態度、店內位置設計。",4 顆星
odi7,龍涎香港茶,"便宜也算好吃的港式點心和麵食
味道中規中矩只有蝦米腸粉淋花生醬和醬油蠻特別的好吃！",3 顆星
odi7,龍涎香港茶,"個人覺得很好茶！
口味跟香港的味道差不多
可惜女兒們不喜歡",4 顆星
odi7,龍涎香港茶,從前年一個叉燒飯80元一漲漲到120，結果還偷工減料味道比以前更難吃！肉老飯硬配菜差!服務品質也差！特別叮囑加汁加油蔥，結果只加西北風。,1 顆星
odi7,龍涎香港茶,"春捲炸的很酥脆 很好吃
鮮蝦撈麵 的蝦很新鮮 撈麵入味
芒果豆奶很特別 芒果帶點酸 豆奶甜甜 很好吃的甜點
送上餐桌還有乾冰噴霧的特效 很有趣",5 顆星
odi7,龍涎香港茶,"吃商業午餐190還有附飲料，口味很好，道地的港式服務態度

晚餐份量十足，整體口味不錯",5 顆星
odi7,龍涎香港茶,口味還不錯～好吃！會想把店裡的餐點都試一遍～可惜美中不足的是鮮蝦雲吞有一顆有怪酸味，所以給四星,4 顆星
odi7,龍涎香港茶,叉燒蛋飯的蛋也太不熟，炒公仔麵有點太鹹，普普通通,3 顆星
odi7,龍涎香港茶,出餐速度很快，因為疫情無法出國，偶爾來嚐嚐港式味道，還不錯。,4 顆星
odi7,龍涎香港茶,基本還不錯吃，下次有機會還是會再來吃！港味也很有fu!,4 顆星
odi7,龍涎香港茶,"蠻道地耶～
整間餐廳都充斥著旅客們的廣東話，由此可見連外地人都認同，就是服務員因顧客多收拾速度太快讓人覺得很急！
食物部分很優質啦，除了貴了一丁點，但絕對是三五好友小聚的好選擇！",3 顆星
odi7,龍涎香港茶,附近有立體停車場停車沒問題，搭捷運也很方便，餐點出菜快速，燒肉必點,4 顆星
odi7,龍涎香港茶,"座位很小！
餐點好吃但是給大家座位都排一起很擠要求換位子還很為難",2 顆星
odi7,龍涎香港茶,交通方便，就在南京復興站的四號出口，份量剛好，味道也還算道地，有些套餐還可以撿便宜～,4 顆星
odi7,龍涎香港茶,"雙拼的叉燒和燒鴨味道很足
湯河粉比較可惜了

整體而言還不錯
但是有另外收一成服務費",4 顆星
odi7,龍涎香港茶,多年前吃過，現在的味道似乎沒以前道地，不論是口感還味道，且價格偏高，服務是行但上菜收盤都很快，有種不能久坐之感,3 顆星
odi7,龍涎香港茶,"沙爹牛肉飯$130，口味一般，份量中等，推薦加辣椒醬。
店員結帳有點慢。價位偏高，加點菠蘿油和奶茶加上服務費後近三百。",3 顆星
odi7,龍涎香港茶,乾炒牛河超棒，平常不吃的澱粉的我不知不覺整碗吃光,5 顆星
odi7,龍涎香港茶,"🍗喜好程度：⭐⭐⭐
港式烤鴨很好吃
配菜就有點普通 …",3 顆星
odi7,龍涎香港茶,"餐點種類很多，CP值算高的餐廳，
但服務人員態度有待加強（點餐時雙手抱胸感覺很不耐煩），加上用餐時有大隻蒼蠅飛舞，覺得可惜，調整一下會更好。",3 顆星
odi7,龍涎香港茶,修正：叉燒不是半肥瘦的五花，有點乾柴的感覺，很可惜，且分量不多CP值偏低。,3 顆星
odi7,龍涎香港茶,上菜快，選擇超多，晚打烊。今天又是晚下班，這新鮮蝦子與炒麵，完全安慰辛勞的一天！,4 顆星
odi7,龍涎香港茶,"價格合理，飲料好喝
服務態度很好呀👍
希望給外場辛苦的服務人員多一點肯定
少一點責備🤪
不得不說
畢竟吃飯時間是餐廳最忙的時候",5 顆星
odi7,龍涎香港茶,相當喜歡這家店，食物好吃選擇多，想吃港式的就會想來,5 顆星
odi7,龍涎香港茶,"餐點：星州炒米粉+鮮蝦雲吞湯
菜單是香港味的菜單，服務是港式服務，只有菜單和服務是香港味，就這樣！

可能點錯東西，剛好廚師不拿手吧！

星州炒米粉，反正粗米粉加咖哩去炒，說是星州炒米粉，我無法反駁，但是鮮蝦雲吞湯是怎麼了？香港獨有的蝦湯味，完全沒有！

如果要用”香港”為名，就要對得起這個名字。

既然在台灣開店，服務請入境隨俗，我們會非常感謝！",3 顆星
odi7,龍涎香港茶,"心目中的第一名！
天冷來一碗煲湯+XO醬公仔麵、港式蘿蔔糕，完美的組合！",5 顆星
odi7,龍涎香港茶,"服務還不錯
食物也不錯
蝦球撈麵好吃",5 顆星
odi7,龍涎香港茶,菜單多樣、價格公道好吃的港點，脆皮燒肉超好吃超脆超香！,5 顆星
odi7,龍涎香港茶,"今天外帶一個鹹魚雞粒炒飯跟揚州炒飯完全沒有鹹味，鹹魚雞粒炒飯裡面沒有鹹魚，外帶B單號1025,請問是鹽巴漲價還是師傅累了？還是味覺喪失？",5 顆星
odi7,龍涎香港茶,一秒到香港！很道地的香港美食，很道地的香港茶餐廳，很道地的香港氛圍，交通便利的捷運站出口，相見恨晚。,4 顆星
odi7,龍涎香港茶,"還不錯啦
中規中矩
算是好吃，不地雷
位子蠻多的
就是停車位要花時間找一下",3 顆星
odi7,龍涎香港茶,"雙拼飯超級乾的，一吃完服務人員立刻上前問能不能收餐
牛腩湯麵還不錯
但是整體吃起來很趕，餐點沒有特別好吃",3 顆星
odi7,龍涎香港茶,外帶叉燒酥&鮮蝦腐皮卷，叉燒酥餡很少，腐皮卷蝦肉有的很大、有的很小～看運氣嘍⋯⋯,2 顆星
odi7,龍涎香港茶,"品項眾多
口味道地！
值得一試",4 顆星
odi7,龍涎香港茶,"外場服務生的態度有待改進
桌上沒湯匙不是客人的問題
要ㄇㄇ客人也請小聲一點
內場離桌子不過是2公尺
我聽得很清楚",1 顆星
odi7,龍涎香港茶,好吃，但服務不太好！可惜部分菜色多人一起點比較適合！,3 顆星
odi7,龍涎香港茶,餐點好吃。但疫情期間還是沒有支援行動支付，小扣分。希望趕快提供行動電子支付服務。,3 顆星
odi7,龍涎香港茶,食料新鮮！炒飯好吃！蘿蔔糕好吃！價格偏高,3 顆星
odi7,龍涎香港茶,每次來吃總是滿意的！😋 …,5 顆星
odi7,龍涎香港茶,"明明先來還被插隊，就因為跟老闆認識特權，有夠扯。
跟我們說很快，結果呢？我就只能眼睜睜看7個後面到的人走上去？在樓梯間跟老闆聊著聊著就上去了，當我們眼瞎？？負評再負評👎 …",1 顆星
odi7,龍涎香港茶,香港人經營的店就是有茶餐廳的樣子，位子窄口味道地。惟獨蝦餃外皮可以改進,4 顆星
odi7,龍涎香港茶,"叉燒燒鴨米粉湯
叉燒跟燒鴨都不錯吃，但份量有點少
米粉湯米粉偏硬，湯偏鹹一點
以港式茶餐廳來說還可以",3 顆星
odi7,龍涎香港茶,"超扯！排隊排了半天，告訴我們是下一組桌子在整理了，結果突然來了員工認識的朋友走過來聊兩句說在附近逛逛剛好來吃飯，店家就直接把我們的位置給他們插隊，連尊重都不懂的店家不吃也罷
而且我們去詢問的時候還說謊，態度也很差",1 顆星
odi7,龍涎香港茶,住過香港2年，覺得餐點味道普通，但服務很還原，和香港一樣不親切,2 顆星
odi7,龍涎香港茶,菜色種類多，服務員服務態度很好、很親切,4 顆星
odi7,龍涎香港茶,"撈麵、例湯、波蘿油都不錯，是想簡單吃點港式料理的選擇之一。
但叉燒類很弱，約中間偏差便當店的水準，要小心跳過。",3 顆星
odi7,龍涎香港茶,雖然可能因為人多上菜速度有一點點慢、但是值得等待、東西很好吃，凍鴛鴦也超好喝、推薦ㄛ！,4 顆星
odi7,龍涎香港茶,之前有來吃過但是沒有留下相關的評論，在疫情期間很難找到餐廳，很感謝茶水攤開放那用，他們的料理真是非常的不錯，尤其是XO醬蝦球撈麵，令人回味無窮，有人說這家餐廳很普通，但是我的感覺是一點都不普通，推薦大家來這邊享用。,4 顆星
odi7,龍涎香港茶,"咖哩綜合湯麵140元，咖哩湯頭不錯，麵條就跟在香港吃的Q度一樣。兩塊白蘿蔔沒煮透偏硬，三顆魚蛋Q彈還不錯，一塊魷魚及一顆貢丸略有腥味，五塊炸豬皮偏油。
加50元可選90元飲料，熱鴛鴦是無糖的，桌上有白糖可自己加，口感偏苦澀。平日中午上菜速度快，以上金額需外加一成服務費，只收現金。",3 顆星
odi7,龍涎香港茶,很熱鬧，食物感覺沒有到期待，但體驗不錯,4 顆星
odi7,龍涎香港茶,餐點好吃。用餐環境若能再好一點就更好,4 顆星
odi7,龍涎香港茶,"楊枝甘露好好吃！跟香港吃到的一模一樣
這間的腸粉和坊間的不太一樣，上面有淋類似花生醬的醬料，口味比較不符合我的喜好
撈麵、鮮蝦餃口味中上",4 顆星
odi7,龍涎香港茶,來了幾次都搶不到的燒肉總是令人扼腕，好吃的港點值得一試。,3 顆星
odi7,龍涎香港茶,價格剛好合著這味道，鴨肉皮有脆，菠蘿油建議要吃時再點且不要切。,4 顆星
odi7,龍涎香港茶,味道普通，服務不好還要收一成服務費。大家都吃飽了我的多士還沒來，說了N遍沒來還跟我說已經上過了，這服務還收服務費。爛爆。,1 顆星
odi7,龍涎香港茶,1碗115元的鮮蝦雲吞湯，不要省成本到用這麼小的紙碗吧！打開傻眼，倒出來更傻眼，我是點湯的耶！,2 顆星
odi7,龍涎香港茶,老闆臉臭，餐點裡面有蟲，搞不懂來嘪氣受是為了什麼,1 顆星
odi7,龍涎香港茶,菜色與餐廳擺設都很港式，每樣味道都很好，但價位偏高且要服務費,4 顆星
odi7,龍涎香港茶,"餐點很好吃
但份量不多
還送很多菜蟲唷~~~",2 顆星
odi7,龍涎香港茶,"三寶飯+蘿蔔糕+奶茶$330
當天訂位有位子，聚餐、聊天好地方，上菜快，餐點還不錯。",4 顆星
odi7,龍涎香港茶,點了時菜海鮮炒麵，麵吃起來不錯，魚也好吃，整盤麵有淡淡的薑味，能去除海鮮腥味，不過就是麵少了些，貴了些（$165+$17=$182）。,3 顆星
odi7,龍涎香港茶,"一家分為輕鬆的港式茶餐廳
食物沒有到很驚豔 但是都不錯吃～",4 顆星
odi7,龍涎香港茶,餐點好吃服務很快，但位置有點小，推推,5 顆星
odi7,龍涎香港茶,去吃飯店員問一個人可不可以併桌，同意併桌，店員説沒位子，要我改外帶。改了外帶後，來了2位其它顧客，他們竟然有位孑，我外帶還沒拿到，他們就入座了。如果有位子，為什麼不先問我要不要改內用？,1 顆星
odi7,龍涎香港茶,餐點不錯，環境有點擠，要爬樓梯不適合有年長者。,3 顆星
odi7,龍涎香港茶,最愛吃他們的XO炒公仔麵，辣度適中，很夠味。,5 顆星
odi7,龍涎香港茶,餐點中規中矩，想吃港飲時解饞是夠了，出餐速度很快，用餐時刻人聲鼎沸啊,4 顆星
odi7,龍涎香港茶,"奶茶跟凍檸茶好喝，燒肉好吃
吃撈麵或干炒牛河必加桌上的桂林辣椒醬
煎腸粉好吃",5 顆星
odi7,龍涎香港茶,非常道地的香港茶飲餐廳，菠蘿、叉燒、奶黃包都非常的美味，而且也可以坐很久，喜歡吃香港料理的人，可以去嘗試,4 顆星
odi7,龍涎香港茶,相較起燴飯，點心類的東西真的比較好吃，下次想嘗試看看其他的飯跟肉類料理,4 顆星
odi7,龍涎香港茶,"金莎蝦球跟蘿蔔糕超級好吃
必試
乾炒牛河十分普通",4 顆星
odi7,龍涎香港茶,進去後，無任帶位，動線很亂等候區太小，往2樓走會被趕回1樓然後就等等等，東西好吃但人員教育不足，期待改善。,1 顆星
odi7,龍涎香港茶,好吃 ，以前就會常常來吃 味道很好 環境也很舒適,5 顆星
odi7,龍涎香港茶,"來吃好幾次了，真的很喜歡吃這家的腐皮卷！
但這次來只能說服務差到不行==
來了好幾次都有看到一位像是老闆的人會幫忙帶位，沒有穿著制服所以才猜測是不是老闆。
這位男士拿碗到我們桌上時明顯大力的摔在我們桌上，結帳時態度也很差的指著帳單敲了幾下，如果沒有想要服務客人就不要出來上班，甚至不要收服務費謝謝。
我們也不是奧客，基本的禮貌要做到吧==",2 顆星
odi7,龍涎香港茶,香港味，懂吃一定要試煎蛋牛肉蒸飯。雲吞也不錯，會再來,5 顆星
odi7,龍涎香港茶,看圖片吧⋯外帶的餐等了30分鐘以上，回家一開便當，超薄的五片叉燒這價位 完全沒CP值可言。,1 顆星
odi7,龍涎香港茶,道地的港飲，餐點都非常的好吃,4 顆星
odi7,龍涎香港茶,好吃到無數次北上專程只為吃茶水攤,5 顆星
odi7,龍涎香港茶,推炒公仔麵跟三寶飯！店員老是走來旁邊壓力有點大！,4 顆星
odi7,龍涎香港茶,在台北聯鎖好幾家的茶水攤，南京店在南京東路三段路邊，鄰近南京復興站，交通非常便利，附近的餐廳選擇也很多，建議要來用餐可以避開用餐尖峰時段，這附近的上班族非常多（自己也是其中之一），菜色方面，中規中矩的港式飲茶餐廳，該有的燒臘飯，撈麵，公仔麵，菠蘿包，港點類，都俱全，是突然想吃港式餐廳會想起甚至會來買外帶的選擇之一，唯一缺點就是稍微貴一些。,4 顆星
odi7,龍涎香港茶,跟其他間比起來相對便宜的港式飲茶店，好吃，奶茶也好喝,5 顆星
odi7,龍涎香港茶,"老闆態度有夠差
問他們有沒有號碼牌直接說啊你要不要排
真的很兇",1 顆星
odi7,龍涎香港茶,炒牛河、腐皮蝦捲很棒   蝦米腸粉口味蠻特別的但吃多了容易膩,4 顆星
odi7,龍涎香港茶,在台北吃到的最爛的一餐。又貴又難吃。還自動加服務費。炒飯很黏，很水沓沓，超級難吃。份量很小。在台北吃1200台幣居然沒有吃飽。真不如去吃巷子口的自助餐。之前我們去了很多家台灣風味的餐廳，無論從味道服務環境都甩這家幾條街。在台北就一個禮拜的白白浪費了一頓飯，本來以為可以吃到美食🤮,1 顆星
odi7,龍涎香港茶,"水準是有點下滑呢，我點的是蝦球炒麵，蝦倒是算蠻新鮮。但是麵卻不行。
服務的部分，那幫東南亞的服務人員態度還不錯，就某些像香港人/大陸人的服務人員態度就很差，就是那種希望你趕快走．．😄",3 顆星
odi7,龍涎香港茶,平日下午二點半外帶也要等半小時以上。,1 顆星
odi7,龍涎香港茶,每回想吃飽一點，就會點『豬扒餐肉飯』，平時來訪點些蘿蔔糕、腸粉等港點也都不錯。,5 顆星
odi7,龍涎香港茶,"豬排餐肉煎蛋飯有點鹹，但好吃
牛腩撈麵很香
鹹魚雞粒炒飯普通
整體不錯",4 顆星
odi7,龍涎香港茶,服務一般般，但上菜速度快！口味還可以！,3 顆星
odi7,龍涎香港茶,"商午價格ok還有飲料
東西也好吃",5 顆星
odi7,龍涎香港茶,"價位中高
波蘿油好吃
叉燒的皮烤的很脆
鵝肉美味",4 顆星
odi7,龍涎香港茶,"我是用uber eat 訂餐的香港人～
奶茶很好喝 是香港的味道
不會澀 剛剛好的茶和奶的比例！讚 熱奶茶不用加糖都很好喝 就是正宗的味道😍

還很貼心的用封膜封著熱飲 外加熱飲蓋，
超貼心 超喜歡 不怕外送漏奶茶的狼狽～和浪費好喝的奶茶😚

感謝你們",5 顆星
odi7,龍涎香港茶,道地的港式料理，蜜汁叉燒煎蛋飯很好吃，煎蛋肯定是要半熟蛋，蛋黃流入飯裡搭配著叉燒入口滋味絕佳，楊枝甘露甜度適中，擺盤有乾冰，送上來時驚喜連連，乾炒牛河也很棒，口感極佳，用餐環境也很舒適。,4 顆星
odi7,龍涎香港茶,"真的會一訪再訪的必推港式店
餐點非常好吃又不貴 cp值高 種類選擇多
目前沒吃過雷的🥰
店面乾淨整齊
老闆很熱情 店員服務態度好💯",5 顆星
odi7,龍涎香港茶,餐點滿重口味，好吃夠味，中等價位。,4 顆星
odi7,龍涎香港茶,餐點好吃，但環境有點髒亂,4 顆星
odi7,龍涎香港茶,餐點都在水準之上，就是客席位子空間不大，多人點多道菜顯得擁擠，服務生是很多，但一般都是上菜的服務生劃單(標註已上菜)，這邊卻是另一個人來劃單，看似嚴謹，實則打擾，有幾道菜，服務生招呼幾次，劃單的又來幾次，有點煩，看到空盤收得超快，有點被趕的感覺....,4 顆星
odi7,龍涎香港茶,愛吃港點不能錯過,5 顆星
odi7,龍涎香港茶,蘿蔔糕很經典，叉燒酥外酥內綿，聊天點心好去處,5 顆星
odi7,龍涎香港茶,不論裝潢、用餐氣氛、餐點都充滿港味。如果想吃好吃的港式料理很推薦~,4 顆星
odi7,龍涎香港茶,餐點很道地的香港味，份量很多價格200內可以吃飽，內用有服務費,4 顆星
odi7,龍涎香港茶,主食平價好吃，楊枝甘露跟香港的有差距，比較喜歡道地的口味，整體CP值高！,5 顆星
odi7,龍涎香港茶,很有置身香港茶餐廳的感覺，食物味道頗道地,4 顆星
odi7,龍涎香港茶,"好吃，算蠻港式的料理
價位還好，聚餐好地方",4 顆星
odi7,龍涎香港茶,"算是很道地的香港茶餐廳，平價好吃。另外座位在2,3樓，有推車的留意一下",4 顆星
odi7,龍涎香港茶,"一直以來都很喜歡這間店的食物，延吉店也寫過一篇了。
目前發生過的唯一問題只有說飯後上的點心叫了店員卻忘記了。",4 顆星
odi7,龍涎香港茶,雲吞撈麵超好吃，但連服務都複製香港，很差,5 顆星
odi7,龍涎香港茶,冷氣壞掉沒冷氣~服務需要加強，餐點種類多，但普普,2 顆星
odi7,龍涎香港茶,XO醬公仔麵算是味道很夠，如果有電子支付就更好了,3 顆星
odi7,龍涎香港茶,奶茶還可以，若為菜式則不建議前往,3 顆星
odi7,龍涎香港茶,超級好吃。服務也很好。是跟朋友聚餐最佳選擇喔,5 顆星
odi7,龍涎香港茶,"整體來說還不錯
公仔麵跟知士都不錯",5 顆星
odi7,龍涎香港茶,雨天中午來享用三寶湯河粉，搭配茶水，如果不用併桌，心情會更美麗！,4 顆星
odi7,龍涎香港茶,吃起來普普通通.沒什麼特色.腐皮捲有點油.,3 顆星
odi7,龍涎香港茶,櫃台男的應該是老闆，態度很差，我先到，卻幫別人先結帳，輪到我時慢吞吞的，沒有把錢和發票一起給我，我拿了錢要走，他才慢慢的拿出發票，臉很臭的說：「不要嗎」，不要把香港那一套服務態度帶來台灣，快搬回香港吧，東西賣的比台菜貴，在台灣就該用台灣物價，鮮蝦雲吞湯是外面小碗的份量，只有四顆雲吞兩顆青康菜，要價110，請看照片,1 顆星
odi7,龍涎香港茶,"很道地的港式餐廳，交通方便。
菠蘿油普通。",3 顆星
odi7,龍涎香港茶,好感動，1秒回香港，沒想到離家不遠處就有這樣道地的香港茶餐廳，不論是食物、餐廳的氛圍都是（香港的茶餐廳就是擁擠、油膩😜）。點的餐點都滿意，只有蘿蔔糕的臘味太重，吃不慣，以後會常去。,5 顆星
odi7,龍涎香港茶,"服務員其實蠻有禮貌的…餐點就還行，畢竟價格也不便宜…
重點是那天跟朋友去用餐，有個白頭髮沒吃制服的人，非常沒有禮貌…我朋友才一吃完剛放下餐具…他立馬收走碗筷，也沒有先問我們是不是還有需要…當時桌上還有食物…店裡也還沒到客滿的狀態…就感覺在趕客人…
老實說…周邊好吃的餐廳很多…真的不要選這間！",2 顆星
odi7,龍涎香港茶,"蘿蔔糕好吃。
醬油只有清的，沒有醬油膏。醬油太鹹。
咖哩雙拼算可以。牛肉丸好吃，魚丸普通，豬皮普通（沒油耗味）。
例湯是雞湯，太濁，肉太柴。
鹹檸七喜太鹹，這可能是我口味問題。
開水和普洱茶有消毒水味，可能是杯子問題。
雙拼飯的配菜，品質和便當店的比起來⋯⋯，我比較喜歡便當店的。叉燒和油鴨⋯⋯普通，不到糟，但不會想再來。若跟便當店比，我會選便當店。

服務算很好。桌上有衛生紙或盤子用完，不一會兒就收走了。

可能抱著很高的期待，結果被茶水的消毒味壞了心情吧。店的生意非常好，滿座喔，一組又一組客人一直進來。",2 顆星
odi7,龍涎香港茶,"跟我們說快好了結果等超久…
結果下一組客人因為認識老闆就直接讓他們插隊？？？ 認識老闆就可以插隊？
服務態度真的差到爆…",1 顆星
odi7,龍涎香港茶,叉燒蛋飯還不錯，腐皮蝦捲略油，蘿蔔糕不是我愛的😂 …,3 顆星
odi7,龍涎香港茶,"第一對店家評論，服務態度超級爛，明明3樓有很多空位還讓等，重點我們上了樓梯了解情況，像兇小孩一樣幹下去，說話超級不客气，還說為什麼不早定位？沒有坐位沒關係告訴我們我們不強求不為難你，不想做生意沒關係直接告訴我們走就是。
還有因為我們5-6個朋友一起分開過去，有些還沒到，問我們幾個人，我說六個，結果我們一個朋友零時有事要買便當帶走，就只剩五個，帶位時那男的就兇狠狠的用責罵的口氣說不是說6個嗎？到底5個還是6個",1 顆星
odi7,龍涎香港茶,"好吃
很有港味 上菜也很快",4 顆星
odi7,龍涎香港茶,口味方面還不錯，但是店員聊天聲音有點影響用餐,4 顆星
odi7,龍涎香港茶,這有點誇張了 回到家才發現 我點C餐你們居然給我A+C  沒有忙碌的情況下你們居然還會包錯餐  無言,1 顆星
odi7,龍涎香港茶,"雪糕紅豆冰很棒
蒸飯還好
推叉燒包、腐皮卷、奶皇流沙包",4 顆星
odi7,龍涎香港茶,"與朋友見面介紹前往用餐 見滿屋人 好在有先定位 就座點菜
滑雞煲 肝腸炒芥藍 橘炒肉排
這定位在每道菜約350 白飯25並不算上物超所值 這算是合情合理  這開店做生意 賠錢的事是沒人幹的
我下回想點炒豬肝 吃白粥 再點個煲類 這味道如何再做解悉",4 顆星
odi7,龍涎香港茶,今天吃的跟以往吃的完全不一樣，今天送來的都是溫的，蘿蔔糕溫，腐皮捲溫，春捲溫，碗仔翅溫，餐飯溫，撈麵溫，蝦子還不新鮮，今天吃的比自助餐還不如，吃完這次真的真的以後不會再去吃了！！要不是還要給星，不然很想給他負100星都不止,1 顆星
odi7,龍涎香港茶,"不錯的體驗，服務員都好棒，很關注客人，問題回答與解決都很及時。（所以有服務費～）

食物比想像中好吃很多（青菜與牛河），蠻讓我驚艷～ 擺盤很浮誇，然後菜單圖片只是參考用🤣",4 顆星
odi7,龍涎香港茶,"東西好吃，氣氛很香港，服務人員在百忙之中還願意和我們微笑聊天（我通常不強求啦，我知道餐飲業很忙不好做^^），這是我的律師朋友介紹我來的餐廳，我覺得超棒！

腸粉味道很特別喔，一定要吃。還有楊枝甘露，不只很好吃，造型超酷的！！我要賣關子，推坑看到這篇留言的人去點楊枝甘露（放心絕對不雷，律師保證XXD",5 顆星
odi7,龍涎香港茶,黯然銷魂飯$135，CP不高，店家沒主動開立發票,3 顆星
odi7,龍涎香港茶,老闆人很好~~推薦點蒸排骨好吃,4 顆星
odi7,龍涎香港茶,三寶希望能熱的  撈麵好吃 西多士熱熱的吃很讚,5 顆星
odi7,龍涎香港茶,波蘿油跟XO醬炒麵我覺得都很不錯,5 顆星
odi7,龍涎香港茶,"餐點選擇多元，口味道地！
中午還有每日商業午餐，對上班族來說很方便！",4 顆星
p2dc,進發家 (三重三和店),"烤糖鳳梨青很特別～
可以嘗試看看 烤鳳梨加上糖👍🏼
搭配茶（推薦無糖或微糖就好） …",5 顆星
p2dc,進發家 (三重三和店),"鹿谷四季春茶竟然喝起來都沒味道,跟冰開水一樣",1 顆星
p2dc,進發家 (三重三和店),烏龍鮮奶桂花凍鮮奶超少🥲感覺只是把烏龍茶稀釋而已，不如不要這個品項 …,4 顆星
p2dc,進發家 (三重三和店),昨晚去買芋頭鮮奶和綠豆沙厚奶，芋泥有酸酸的味道應該是壞了，綠豆沙厚奶口感不錯會回購！,2 顆星
p2dc,進發家 (三重三和店),店長非常親切隨和，介紹詳盡細心，店員妹妹認真可愛，停留短短幾分鐘完全可以感受到他們以客為尊的誠懇熱心，態度這麼好的店家一定要大力鼓勵，謝謝您們給了我如此美好的消費體驗！希望您們繼續保持，有這樣的商家是眾多消費者之福！,5 顆星
p2dc,進發家 (三重三和店),"喝完了大杯不夠🤤🤤加碼M杯，服務員很親切
三重大推的飲品店👍👍 …",5 顆星
p2dc,進發家 (三重三和店),珍珠硬到靠北 是放多久？還敢賣給客人？,1 顆星
p2dc,進發家 (三重三和店),老闆很有趣，每一杯飲料都真的能感受到用心,5 顆星
p2dc,進發家 (三重三和店),"老闆挺親切隨和，努力協助我做環保。
幫我把綠豆沙裝進太和工房瓶子，謝謝服務",5 顆星
p2dc,進發家 (三重三和店),"2022/05/07新品芭樂綠茶竟然有送面膜！也很好喝～

2022/05/01地點就在捷運站對面，很好找！

綠豆沙喝起來是很綿很綿的那種，不是喝得到綠豆顆粒的綠豆沙，中杯綠豆沙是$40，加了牛奶的綠豆沙厚奶是$50，味道更濃、喝起來也更順口。

菜單上面除了比較有名的綠豆沙外，看起來沒有特別醒目的飲料。

甜度和冰塊好像是不能調的，喝起來感覺是半糖，冰沙可能又再加了牛奶的關係，很快就會融化，要喝就要趁快喝才行！",4 顆星
p2dc,進發家 (三重三和店),"認真說出感想
我在飲料店的工作經歷也快10年了
還是第一次喝到這種讓我無法入口的厚奶茶…
只喝一口 我就想把整杯飲料送給馬路喝了…
要茶味沒茶味 要奶味沒奶味
我不知道我消費50塊
買了一杯有味道的水要幹嘛…",1 顆星
p2dc,進發家 (三重三和店),"買了甘蔗青茶與厚奶茶
甘蔗像放了很久的怪味
也沒青茶味
整個喝了像中藥味
厚奶茶沒奶茶味
跟水沒有兩樣
驚訝到我必須要評論….",1 顆星
p2dc,進發家 (三重三和店),葡萄🍇鮮奶綠茶Q果 ，好喝又好吃，有綿密細緻的奶泡，又有Q彈的Q果，還🈶️新鮮的葡萄，最後加上清香不膩口的綠茶，總和再一起。 …,5 顆星
p2dc,進發家 (三重三和店),"拿在手上特別輕，拆開來看⋯
換成紙杯看不見就不會裝滿了嗎🥲 …",3 顆星
p2dc,進發家 (三重三和店),"豆沙很綿，但沒什麼豆沙味道，
還好不會很甜。

綠豆沙厚奶比紅豆沙厚奶好喝～",4 顆星
p2dc,進發家 (三重三和店),員工服務超級好，線上預訂會來電仔細確認餐點。飲料又好喝！推推！,5 顆星
p2dc,進發家 (三重三和店),動作迅速，茶一般，不特別不出色，但也不雷。水果茶系列新鮮尚可。速度蠻快，但店員有時晚娘臉。,3 顆星
p2dc,進發家 (三重三和店),"烤糖水果茶 無糖 微糖 推薦
好喝",5 顆星
p2dc,進發家 (三重三和店),"2023/6/27喝到有臭酸味的茶
不知道是茶壞掉了還是怎樣",1 顆星
p2dc,進發家 (三重三和店),"第二次買甘蔗青沒加甘蔗
已改進目前為止沒有再發生
2023/10/19",4 顆星
p2dc,進發家 (三重三和店),綠豆沙很用心打得非常綿密，不像一般我們常喝的有顆粒的口感，不錯喝但不太習慣,5 顆星
p2dc,進發家 (三重三和店),綠豆沙很綿細，好喝,5 顆星
p2dc,進發家 (三重三和店),"老闆人很好！
水蜜桃烏龍桂花凍真的超級好喝
無糖剛剛好",5 顆星
p2dc,進發家 (三重三和店),埔里甘蔗青好喝，店家親切，會在回購,5 顆星
p2dc,進發家 (三重三和店),店員飲料做很快，綠豆沙厚奶好喝 讚！,5 顆星
p2dc,進發家 (三重三和店),電話都不接 4/3上午11點打到下午1點都沒人接電話，但Uber 單就接很快？？如果不想外送，DM上可以不要貼可外送服務的單子,1 顆星
p2dc,進發家 (三重三和店),"找不到外送員
老闆親送 服務太好了吧",5 顆星
p2dc,進發家 (三重三和店),剛外送點了2杯進發厚奶茶，想說期待喝個濃濃的奶香，喝第一口和我老婆對看，跟本不濃，水到不行，也沒什麼茶味，本來想說算了，但除夕喝到真的不開心！,1 顆星
p2dc,進發家 (三重三和店),"天啊動作真的慢到不行 我都已經先叫好了
過了20分鐘過來才剛開始做==
真的很傻眼⋯⋯⋯⋯",1 顆星
p2dc,進發家 (三重三和店),飲料真的不錯喝，但工讀生臉很臭，且每次去點兩杯一定有一杯會做錯...不是忘記加珍珠就是飲料尺寸做錯.或到家才發現忘記給吸管.....坦白說有點傻眼😑😑偶爾出錯可以理解，但幾乎每次去都一定出錯，出錯率應該有90%以上.... …,4 顆星
p2dc,進發家 (三重三和店),"綠豆沙口感綿密 味道香濃 且不會死甜 說是我喝過最好喝的綠豆沙完全不為過😋🥰
試過其他茶飲 真心覺得跟其他坊間飲料店相比 每一杯的cp值都高得許多！
店員很熱心 會主動詢問要不要加珍珠或其他品項 也會根據客人喜好 給予糖度冰塊建議 然後再跟客人確認餐點內容 動作迅速確實 前面有其他客人當然會需要稍微等待 但幾分鐘的等待 是值得的👍😋 …",5 顆星
p2dc,進發家 (三重三和店),60塊喝起來跟水一樣，我在家自己煮就好，勸大家不要浪費錢,1 顆星
p2dc,進發家 (三重三和店),"愛玉檸檬蜜冬瓜，好喝👍🏻
謝謝店員的服務❤️ …",5 顆星
p2dc,進發家 (三重三和店),"我喜歡這烏龍桂花凍（無糖）
清爽的味道",4 顆星
p2dc,進發家 (三重三和店),奶茶越來越稀，今天點的不是厚奶茶，是淡奶茶吧！,1 顆星
p2dc,進發家 (三重三和店),綠豆沙珍珠厚奶讚讚！,5 顆星
p2dc,進發家 (三重三和店),"請問這間店的店員是不是服務態度與能力有相當大的問題？
還是老闆根本不想做了再擺爛？
一杯飲料
鮮奶茶 大杯 溫的 半糖
有這麼難做嗎？
眼睜睜看著每一個步驟都錯
鮮奶茶變紅茶 提醒
大杯變中杯 提醒
溫的變超燙冒煙（飲料杯好棒棒）

提醒再提醒
明明有3個人
卻還是要聊天一下才要過來點餐

做錯了少加牛奶
還想直接倒到另一個杯子
說那叫半糖？剛剛好？
是我國中理化沒學好還是你們甜度好棒棒？
隔了一年才再買
還是一樣爛！！",1 顆星
p2dc,進發家 (三重三和店),"當時請店員幫我刷載具，結果她把發票打出來也沒做退貨的動作，更沒有確實把發票存到我的載具裡面。傻眼…
當時買了兩杯大杯烤糖愛玉之類的飲品。",1 顆星
p2dc,進發家 (三重三和店),覺得珍珠偏硬不太行，烤糖水果茶好喝，芋頭鮮奶也綿密好喝，綠豆沙比較偏水，多款飲料不能調甜度有點可惜。厚奶茶沒有感受到厚XD,4 顆星
p2dc,進發家 (三重三和店),經過了幾次，每次與不同店員詢問不同品項茶飲欲調整甜度都遭拒絕？稱最多只能做半糖，已請店員不要舀糖就好了，仍被拒絕，說不能這樣做？不知是店員不會變通？還是茶類都已經早就泡好且加好糖等人買？非常不推！！,1 顆星
p2dc,進發家 (三重三和店),真的是太讚了 各種品項都好喝到升天 而且老闆又帥 完全無法自拔的一口接一口喝下去,5 顆星
p2dc,進發家 (三重三和店),超好喝!!!!!!店裡的招牌綠豆沙喝起來很綿密，而且很扎實，看著店員都會把綠豆沙裝到最滿，很努力地敲就為了給滿給好，有空間就塞，也幾乎把飲料都喝過一遍了，都超讚!!!超推!!,5 顆星
p2dc,進發家 (三重三和店),“冬瓜紅茶”好喝，但甜度最好要調整；無調整的甜度不僅太甜，冬瓜味也會完全蓋住紅茶的味道。,4 顆星
p2dc,進發家 (三重三和店),飲料喝不出感情 茶味清淡 不值65,1 顆星
p2dc,進發家 (三重三和店),"點餐很慢！做餐更慢！
吸管要戳下去的時候封口就爆開
還噴了一堆飲料出來！ 手、衣服、鞋子跟地板都有噴到
拿回去跟店家反映，結果三個店員睜大眼互看 ？！
想退費還不行！品質堪憂欸",1 顆星
p2dc,進發家 (三重三和店),"祖傳綠豆沙和外面一般的不一樣，
喝了之後很綿密~~
不像有些一般的，喝起來會有""綠豆殼""嗑牙的感覺!!
連老媽都覺得好喝~~~",5 顆星
p2dc,進發家 (三重三和店),"哇塞，珍珠軟軟爛爛、
奶茶也太稀了吧😡😡😡 …",1 顆星
p2dc,進發家 (三重三和店),"今天晚上大約九點半去買珍珠奶茶
店員服務態度很好
飲料珍珠很硬 應該是要打烊了沒有再煮新的
但是那種品質就不該拿出來賣
寧願沒買到下次還會再回購",2 顆星
p2dc,進發家 (三重三和店),綠豆沙很綿密，好喝👍 …,5 顆星
p2dc,進發家 (三重三和店),真心推薦祖傳綠豆沙，綿密濃郁的口感，在外送平台訂購多次，但最近這次綠豆沙沒壓滿杯蠻失望的，空氣跟泡沫佔了將近三分之一的份量，希望之後會改善，繼續支持！,5 顆星
p2dc,進發家 (三重三和店),覺得文山青跟新的蜜桃系列好喝。敗筆應該就是女店員喔，到底在兇幾點的呢😊 …,3 顆星
p2dc,進發家 (三重三和店),好喝 熊貓🐼點自取7.9折耶划算 …,4 顆星
p2dc,進發家 (三重三和店),Ubereats到底為什麼一直不給吸管呀！！！訂兩次兩次都給沒給 明明你們訂單上也寫數量了啊,1 顆星
p2dc,進發家 (三重三和店),訂單有一杯珍珠缺漏，感謝店家很好心的外送一杯來！,5 顆星
p2dc,進發家 (三重三和店),"店員動作真的超級慢
每一個動作甚至移動都好緩慢
後面的人都跑了
其實也不是點什麼複雜的 就純茶而已啊...",1 顆星
p2dc,進發家 (三重三和店),厚奶茶口味不錯。,5 顆星
p2dc,進發家 (三重三和店),厚奶茶有夠難喝 🤮味道淡的像水  奶沒有奶味 紅茶也沒有味道 不知道花了45元買了什麼 😥 …,1 顆星
p2dc,進發家 (三重三和店),店員動作很慢，點微糖喝起來像半糖，不懂下糖後突然擦茶桶的意義何在？,1 顆星
p2dc,進發家 (三重三和店),短髮身材很好的女生，漂亮又親切，購買過程很愉快，未來都會想光顧！,5 顆星
p2dc,進發家 (三重三和店),"祖傳綠豆沙超級好喝
口感綿密不會有綠豆皮
甜度適中冰涼爽口
夏天最佳飲品😍😍😍 …",5 顆星
p2dc,進發家 (三重三和店),普普通通，綠豆沙不夠紮實。,3 顆星
p2dc,進發家 (三重三和店),60塊買水，難喝死,1 顆星
p2dc,進發家 (三重三和店),飲料是好喝但是送的保養品的試用品~家人用了馬上過敏~很不OK,3 顆星
p2dc,進發家 (三重三和店),珍珠太甜，喧賓奪主,2 顆星
p2dc,進發家 (三重三和店),"綠豆沙加點Q果卻沒有Q果
很不優",1 顆星
p2dc,進發家 (三重三和店),"說一套做一套的店家

要買這間店的店的人啊

要注意你要求得他有沒有照做！",2 顆星
p2dc,進發家 (三重三和店),好喝，老闆人又客氣.,5 顆星
p2dc,進發家 (三重三和店),沒加到料….讓我多付錢…,1 顆星
p2dc,進發家 (三重三和店),昨晚去哪，怎麼那麼晚還不開門,1 顆星
p2dc,進發家 (三重三和店),紅茶鮮奶很雷...但綠豆沙還不錯..,3 顆星
p2dc,進發家 (三重三和店),綠豆沙綿密不死甜，大推,5 顆星
p2dc,進發家 (三重三和店),風味很淡的厚奶茶,1 顆星
p2dc,進發家 (三重三和店),好喝，茶味夠👍👍 …,5 顆星
p2dc,進發家 (三重三和店),服務好，飲料也好喝,5 顆星
p2dc,進發家 (三重三和店),好喝 布丁狗好可愛,5 顆星
p2dc,進發家 (三重三和店),須等待略長，建議事先預約,3 顆星
p2dc,進發家 (三重三和店),茶香，老闆貼心,5 顆星
p2dc,進發家 (三重三和店),綠豆沙 超好喝,5 顆星
p2dc,進發家 (三重三和店),綠豆沙很不錯！,4 顆星
p2dc,進發家 (三重三和店),很棒的服務。,5 顆星
p2dc,進發家 (三重三和店),水果茶不好喝,3 顆星
p2dc,進發家 (三重三和店),很好喝👍 …,5 顆星
p2dc,進發家 (三重三和店),我路過的時候喝了蛋黃哥，因為我覺得它很可愛。我喝的是黑糖珍珠奶茶，這是一個不能調整糖含量或冰塊的菜單項。這是大家都知道的味道，我花了99新台幣買了杯架。奶茶清爽可口。,4 顆星
p2dc,進發家 (三重三和店),我點了一杯黑奶茶和波霸，味道還不錯。我建議加一半糖，因為波霸本身已經很甜了。 （對於台灣的標準來說，這已經相當甜蜜了）。這飲料嘗起來有點像豆漿。,5 顆星
p2dc,進發家 (三重三和店),綠豆冰沙很好喝，在炎熱的夏天也不那麼甜，還有奶味的也不錯。工作人員非常樂於助人👍 …,5 顆星
p2dc,進發家 (三重三和店),綠豆飲料太好喝了,5 顆星
